{"input_min": [92.05908966064453, 54.466278076171875, 13.065531730651855, 8.476259231567383, 73.3035888671875, 10.718367576599121, 2.972625732421875, 2.3727669715881348, 136.7926025390625, 69.66915130615234, 142.6561279296875, 75.10265350341797, 29.946664810180664, 16.802730560302734, 78.57911682128906, 43.281639099121094, 67.12345123291016, 63.682308197021484, 13.143935203552246, 35.29747772216797, 0.4906950294971466, 0.44640427827835083, 6.810262680053711, 9.849640846252441, 1.0051974058151245, 5816.794921875, 556.3821411132812, 99.52674865722656, 0.14124812185764313, 0.021621311083436012], "input_max": [104.67784881591797, 62.50715255737305, 14.636922836303711, 11.073460578918457, 84.74877166748047, 12.996227264404297, 5.32784366607666, 5.961205005645752, 163.71693420410156, 80.29764556884766, 150.07766723632812, 78.97381591796875, 93.56463623046875, 39.04822540283203, 189.3546600341797, 137.5007781982422, 83.41928100585938, 74.97502136230469, 54.516414642333984, 51.85388946533203, 0.5095336437225342, 0.49957478046417236, 8.302449226379395, 9.981369972229004, 1.0330029726028442, 7844.78076171875, 1028.3297119140625, 101.45877075195312, 0.15164215862751007, 0.022601868957281113], "output_min": [7.091068744659424, 0.025237899273633957, 0.3350122272968292, 0.01180239673703909, 0.02993403933942318, 0.03845994919538498, 0.03716573119163513, 0.027228761464357376, 66.20487213134766, 37.06021499633789, 12.53277587890625, 21.29183006286621, 63.78459167480469], "output_max": [21.511137008666992, 0.02906898409128189, 0.3372141718864441, 0.11494637280702591, 0.6989510655403137, 0.5939565300941467, 0.10240422934293747, 0.07737303525209427, 67.26156616210938, 46.94534683227539, 34.76736831665039, 35.85811996459961, 151.46315002441406]}