{"input_min": [64.12167358398438, 30.385311126708984, 14.567038536071777, 10.305152893066406, 54.86587905883789, 12.3357572555542, 1.9994920492172241, 4.322945594787598, 65.41046905517578, 15.27564811706543, 100.91202545166016, 37.369136810302734, 36.905128479003906, 22.060888290405273, 45.18093490600586, 17.179447174072266, 50.134822845458984, 56.453529357910156, 14.747906684875488, 27.326635360717773, 0.4843352735042572, 0.2542094886302948, 4.540363788604736, 9.659873008728027, 0.9926432967185974, 2854.32958984375, 802.9603271484375, 70.45848846435547, 0.10537602752447128, 0.01748146116733551], "input_max": [185.49534606933594, 70.54298400878906, 27.217121124267578, 21.576702117919922, 83.6302261352539, 24.491437911987305, 5.653827667236328, 18.5181827545166, 136.404541015625, 69.67088317871094, 255.98831176757812, 190.91366577148438, 109.19298553466797, 86.89218139648438, 211.17002868652344, 168.23924255371094, 89.34717559814453, 85.61846923828125, 43.00197982788086, 51.348236083984375, 0.8131313323974609, 0.6470115184783936, 8.072196960449219, 11.111491203308105, 1.1653584241867065, 8918.8046875, 2283.853271484375, 129.52174377441406, 0.26572802662849426, 0.03218604624271393], "output_min": [3.5480101108551025, 0.021152960136532784, 0.4433404803276062, 0.012066282331943512, 0.036355163902044296, 0.13006268441677094, 0.03360278159379959, 0.018533503636717796, 11.32674503326416, 32.28593444824219, 12.785971641540527, 15.229089736938477, 0.28124910593032837], "output_max": [47.100196838378906, 0.3732028007507324, 6.826391220092773, 0.12406808882951736, 0.49304014444351196, 0.6733153462409973, 0.6841849088668823, 0.363227903842926, 51.4588508605957, 186.8941192626953, 61.26939010620117, 87.82845306396484, 6.8107171058654785]}