{"input_min": [57.80169677734375, 32.56121063232422, 11.457237243652344, 7.860785007476807, 45.066829681396484, 9.623847007751465, 1.7232342958450317, 2.349334716796875, 66.6974105834961, 14.836797714233398, 87.06871032714844, 29.945598602294922, 24.9509334564209, 13.761829376220703, 55.138999938964844, 18.80978775024414, 48.409149169921875, 48.994869232177734, 9.94336986541748, 23.27483367919922, 0.3882530629634857, 0.2252827137708664, 4.210187911987305, 5.887258052825928, 0.9418894052505493, 1985.58984375, 408.649169921875, 63.283084869384766, 0.0990084707736969, 0.014105234295129776], "input_max": [167.6474151611328, 119.75138092041016, 28.166419982910156, 22.701810836791992, 144.92359924316406, 25.315765380859375, 10.814476013183594, 20.437084197998047, 164.3798370361328, 99.4358139038086, 328.1894226074219, 237.0205535888672, 229.69117736816406, 185.7134552001953, 216.73814392089844, 178.302734375, 106.11617279052734, 95.13471221923828, 78.47054290771484, 72.83966064453125, 0.8590140342712402, 0.7011051177978516, 8.33009147644043, 18.332658767700195, 1.1620140075683594, 13501.19921875, 3676.0576171875, 125.60565185546875, 0.25980091094970703, 0.04086112603545189], "output_min": [2.418243408203125, 0.014613267034292221, 0.2964722514152527, 0.007781213149428368, 0.030689198523759842, 0.03388356417417526, 0.03087613545358181, 0.014472522772848606, 10.661079406738281, 27.167705535888672, 10.234389305114746, 13.9573392868042, 0.15199993550777435], "output_max": [57.012901306152344, 0.3580949008464813, 7.337188720703125, 0.1791796088218689, 0.5722630620002747, 0.8568767309188843, 0.548895537853241, 0.36081233620643616, 78.63259887695312, 193.41397094726562, 77.29549407958984, 110.80233001708984, 1.0458617210388184]}