{"input_min": [76.79837036132812, 64.22930908203125, 13.066038131713867, 8.475114822387695, 72.43756866455078, 10.718463897705078, 2.9752037525177, 2.370330572128296, 135.82827758789062, 69.41387939453125, 141.19369506835938, 75.11222839355469, 29.621187210083008, 16.729711532592773, 78.63717651367188, 43.29647445678711, 66.41439056396484, 62.692752838134766, 12.891475677490234, 35.3406982421875, 0.48895853757858276, 0.44401949644088745, 6.738322734832764, 9.864327430725098, 1.0056217908859253, 5658.4990234375, 539.9324951171875, 99.52674865722656, 0.14124812185764313, 0.021621311083436012], "input_max": [103.06159210205078, 67.1724853515625, 14.410171508789062, 10.912811279296875, 84.86356353759766, 12.799539566040039, 5.247310638427734, 5.846966743469238, 163.60614013671875, 80.19676208496094, 150.13124084472656, 78.50093841552734, 93.49942779541016, 39.044822692871094, 187.01724243164062, 136.00001525878906, 83.40938568115234, 75.01901245117188, 54.4546012878418, 51.0172233581543, 0.5098181962966919, 0.4996895492076874, 8.301465034484863, 9.971362113952637, 1.0317957401275635, 7827.0263671875, 1029.3199462890625, 101.45877075195312, 0.15164215862751007, 0.022601868957281113], "output_min": [7.091068744659424, 0.025237899273633957, 0.3350122272968292, 0.01180239673703909, 0.02993403933942318, 0.03845994919538498, 0.03716573119163513, 0.027228761464357376, 66.20487213134766, 37.06021499633789, 12.53277587890625, 21.29183006286621, 1.5378162860870361], "output_max": [21.511137008666992, 0.02906898409128189, 0.3372141718864441, 0.11494637280702591, 0.6989510655403137, 0.5939565300941467, 0.10240422934293747, 0.07737303525209427, 67.26156616210938, 46.94534683227539, 34.76736831665039, 35.85811996459961, 5.627186298370361]}