{"input_min": [49.49871063232422, 29.973737716674805, 8.57861328125, 5.5145344734191895, 40.272796630859375, 7.043607234954834, 1.134422779083252, 1.6055513620376587, 44.80722427368164, 11.331328392028809, 69.66561126708984, 26.023670196533203, 22.645654678344727, 12.602293968200684, 41.66122817993164, 15.782140731811523, 27.470415115356445, 28.978187561035156, 8.31651496887207, 12.112922668457031, 0.21366626024246216, 0.12394501268863678, 2.595212936401367, 9.581969261169434, 0.6719698905944824, 969.7052612304688, 64.27864837646484, 60.9023323059082, 0.08538384735584259, 0.013580734841525555], "input_max": [126.4448013305664, 73.51827239990234, 36.09567642211914, 29.322294235229492, 95.93051147460938, 32.8942756652832, 14.922113418579102, 25.88867950439453, 236.6280975341797, 128.3374786376953, 363.7708740234375, 276.8406066894531, 416.9612731933594, 341.4667663574219, 404.23895263671875, 362.2771301269531, 127.23456573486328, 118.72191619873047, 173.6797332763672, 97.93449401855469, 0.9114568829536438, 0.7943433523178101, 9.518445014953613, 12.611199378967285, 3.0723235607147217, 28603.765625, 7759.1259765625, 130.4999542236328, 0.31082695722579956, 0.04244813323020935], "output_min": [2.4062604904174805, 0.014439127407968044, 0.2936992645263672, 0.007217073813080788, 0.02887922339141369, 0.0325273759663105, 0.028873350471258163, 0.014434902928769588, 10.459521293640137, 24.400318145751953, 10.111483573913574, 13.82819938659668, 0.010668329894542694], "output_max": [64.94386291503906, 0.38958740234375, 7.922666072845459, 0.1947772353887558, 0.7791982889175415, 0.878130316734314, 0.7792386412620544, 0.38936424255371094, 94.12479400634766, 219.5526885986328, 90.96434783935547, 124.4381332397461, 0.09599993377923965]}