{"input_min": [70.00971984863281, 37.73479080200195, 13.683088302612305, 9.642340660095215, 53.52921676635742, 11.66489028930664, 2.0068001747131348, 3.9265427589416504, 67.06845092773438, 15.278434753417969, 100.16564178466797, 37.239166259765625, 36.80845260620117, 22.058204650878906, 45.38581085205078, 17.19283103942871, 51.790016174316406, 56.31003952026367, 14.736695289611816, 26.819374084472656, 0.48872679471969604, 0.25510984659194946, 4.47530460357666, 9.880681991577148, 1.0087342262268066, 2934.599609375, 785.265869140625, 70.45848846435547, 0.10537602752447128, 0.01748146116733551], "input_max": [107.03602600097656, 64.626220703125, 26.115909576416016, 20.487966537475586, 83.56898498535156, 23.20781707763672, 5.546445846557617, 17.8232364654541, 136.52000427246094, 68.80814361572266, 257.80718994140625, 191.0319061279297, 99.9905776977539, 81.93084716796875, 212.9578094482422, 169.37876892089844, 91.26004791259766, 86.93037414550781, 44.8829460144043, 52.752315521240234, 0.7838103771209717, 0.6488837599754333, 8.159327507019043, 11.133438110351562, 1.1859904527664185, 8205.484375, 2067.169189453125, 129.52174377441406, 0.26572802662849426, 0.03218604624271393], "output_min": [3.5480101108551025, 0.021152960136532784, 0.4433404803276062, 0.012066282331943512, 0.036355163902044296, 0.13006268441677094, 0.03360278159379959, 0.018533503636717796, 11.32674503326416, 32.28593444824219, 12.785971641540527, 15.229089736938477, 5.480358600616455], "output_max": [47.100196838378906, 0.3732028007507324, 6.826391220092773, 0.12406808882951736, 0.49304014444351196, 0.6733153462409973, 0.6841849088668823, 0.363227903842926, 51.4588508605957, 186.8941192626953, 61.26939010620117, 87.82845306396484, 45.871551513671875]}