{"input_min": [92.89302825927734, 55.00605010986328, 12.982450485229492, 8.60805892944336, 74.00072479248047, 10.757783889770508, 2.977496385574341, 2.382695436477661, 137.5116729736328, 69.70478057861328, 141.87327575683594, 74.91699981689453, 30.08831214904785, 16.821266174316406, 78.697021484375, 43.308433532714844, 67.80689239501953, 64.11419677734375, 13.267046928405762, 35.38858413696289, 0.493099182844162, 0.45191168785095215, 6.879603862762451, 9.847026824951172, 1.0051088333129883, 5942.265625, 578.228515625, 99.52674865722656, 0.14124812185764313, 0.021621311083436012], "input_max": [105.02741241455078, 62.70845413208008, 13.841041564941406, 12.287019729614258, 85.02803039550781, 13.171905517578125, 5.291266918182373, 6.081671237945557, 164.0625762939453, 80.34117889404297, 150.1022491455078, 77.75908660888672, 93.81519317626953, 39.065467834472656, 188.06854248046875, 136.7936553955078, 83.72140502929688, 75.18524169921875, 54.74972915649414, 51.27487564086914, 0.5103016495704651, 0.5008935332298279, 8.332518577575684, 9.987414360046387, 1.0306166410446167, 7899.2236328125, 1032.429443359375, 101.45877075195312, 0.15164215862751007, 0.022601868957281113], "output_min": [7.091068744659424, 0.025237899273633957, 0.3350122272968292, 0.01180239673703909, 0.02993403933942318, 0.03845994919538498, 0.03716573119163513, 0.027228761464357376, 66.20487213134766, 37.06021499633789, 12.53277587890625, 21.29183006286621, 10.630764961242676], "output_max": [21.511137008666992, 0.02906898409128189, 0.3372141718864441, 0.11494637280702591, 0.6989510655403137, 0.5939565300941467, 0.10240422934293747, 0.07737303525209427, 67.26156616210938, 46.94534683227539, 34.76736831665039, 35.85811996459961, 25.243858337402344]}