{"input_min": [68.67276763916016, 27.6226806640625, 13.683975219726562, 8.688618659973145, 51.74607849121094, 11.111806869506836, 1.6916714906692505, 3.7714385986328125, 82.41287994384766, 26.747671127319336, 103.49359130859375, 43.30879211425781, 38.55350112915039, 25.892004013061523, 56.91902160644531, 21.84021759033203, 41.18800354003906, 47.197601318359375, 9.62918472290039, 23.91134262084961, 0.3282175064086914, 0.2550756335258484, 4.224134922027588, 9.954057693481445, 1.031087040901184, 1984.665283203125, 675.9671020507812, 63.079166412353516, 0.10379170626401901, 0.013723857700824738], "input_max": [166.86886596679688, 58.64020919799805, 29.54987907409668, 22.654409408569336, 73.92739868164062, 25.558019638061523, 6.863795757293701, 19.491836547851562, 170.1117401123047, 87.23196411132812, 313.2178649902344, 207.16419982910156, 253.53182983398438, 217.93373107910156, 217.89979553222656, 188.46360778808594, 112.25987243652344, 106.05364990234375, 84.64654541015625, 49.88507080078125, 0.7089090943336487, 0.6540066599845886, 7.119057655334473, 11.334437370300293, 1.310595154762268, 21229.921875, 2813.911376953125, 127.9505386352539, 0.19939422607421875, 0.028378751128911972], "output_min": [2.8798930644989014, 0.034807536751031876, 0.34982725977897644, 0.009976067580282688, 0.02950444631278515, 0.04134642705321312, 0.035387296229600906, 0.031044336035847664, 11.090835571289062, 37.02873229980469, 14.511134147644043, 18.269227981567383, 0.27402427792549133], "output_max": [46.51959991455078, 0.37313008308410645, 5.537749290466309, 0.1246475875377655, 0.45122602581977844, 0.8672981858253479, 0.7279056310653687, 0.3200940489768982, 77.9972915649414, 192.82635498046875, 72.4488754272461, 109.89892578125, 3.202486753463745]}