{"input_min": [62.15851974487305, 40.715858459472656, 16.232532501220703, 7.0496039390563965, 52.041568756103516, 10.842303276062012, 1.7177886962890625, 3.5739340782165527, 82.13786315917969, 27.360239028930664, 103.22941589355469, 43.481529235839844, 37.305198669433594, 25.3359375, 56.369285583496094, 21.841970443725586, 42.11271667480469, 47.290042877197266, 9.89773941040039, 24.067596435546875, 0.3401775360107422, 0.2555462419986725, 4.318971633911133, 9.933974266052246, 1.0309087038040161, 1953.7353515625, 713.847412109375, 63.079166412353516, 0.10379170626401901, 0.013723857700824738], "input_max": [97.66670227050781, 54.41801452636719, 32.57014465332031, 22.684295654296875, 73.95316314697266, 26.336463928222656, 6.766783237457275, 20.008560180664062, 165.32254028320312, 85.95215606689453, 313.3123779296875, 207.1328887939453, 256.03839111328125, 219.78370666503906, 220.3473358154297, 190.1908721923828, 112.27680206298828, 106.1794662475586, 84.79647827148438, 49.91570281982422, 0.7059850692749023, 0.6560248732566833, 7.145867824554443, 11.147977828979492, 1.315811038017273, 14668.39453125, 2983.569580078125, 127.9505386352539, 0.19939422607421875, 0.028378751128911972], "output_min": [2.8798930644989014, 0.034807536751031876, 0.34982725977897644, 0.009976067580282688, 0.02950444631278515, 0.04134642705321312, 0.035387296229600906, 0.031044336035847664, 11.090835571289062, 37.02873229980469, 14.511134147644043, 18.269227981567383, 3.3663110733032227], "output_max": [46.51959991455078, 0.37313008308410645, 5.537749290466309, 0.1246475875377655, 0.45122602581977844, 0.8672981858253479, 0.7279056310653687, 0.3200940489768982, 77.9972915649414, 192.82635498046875, 72.4488754272461, 109.89892578125, 17.33616828918457]}