{"input_min": [64.0576400756836, 42.61098861694336, 10.60123348236084, 6.509011268615723, 55.32316970825195, 8.444201469421387, 1.4707762002944946, 2.191380023956299, 67.5168228149414, 15.582284927368164, 111.87549591064453, 36.816741943359375, 23.264202117919922, 13.286897659301758, 55.39219284057617, 26.209829330444336, 39.567169189453125, 50.77985382080078, 9.977303504943848, 21.89781379699707, 0.3900900185108185, 0.19801419973373413, 4.73875617980957, 9.772785186767578, 0.99365234375, 1822.5318603515625, 285.0860595703125, 61.19643020629883, 0.10233402997255325, 0.014503808692097664], "input_max": [114.42958068847656, 67.4627685546875, 25.133808135986328, 20.35586929321289, 86.2162094116211, 22.866661071777344, 10.886569023132324, 16.78376007080078, 204.77137756347656, 113.97251892089844, 302.6017150878906, 236.063232421875, 221.27587890625, 177.98838806152344, 313.65924072265625, 281.2109069824219, 102.42525482177734, 94.85582733154297, 86.53168487548828, 66.89525604248047, 0.8547458648681641, 0.6806254386901855, 8.441740989685059, 10.805963516235352, 1.2098795175552368, 17059.361328125, 2811.979736328125, 130.11740112304688, 0.2583329379558563, 0.04127243161201477], "output_min": [2.776620864868164, 0.015482665970921516, 0.30309560894966125, 0.008489705622196198, 0.030921051278710365, 0.03927214816212654, 0.030054699629545212, 0.014613267034292221, 10.93905258178711, 25.964223861694336, 10.172330856323242, 14.195561408996582], "output_max": [44.55392837524414, 0.31892135739326477, 6.878443717956543, 0.17904745042324066, 0.6794118285179138, 0.807502806186676, 0.7594559192657471, 0.328407883644104, 88.0867691040039, 219.15597534179688, 85.58518981933594, 122.42800903320312]}