{"input_min": [71.1103515625, 39.985191345214844, 12.5042085647583, 8.387284278869629, 54.97960662841797, 9.827925682067871, 2.0003550052642822, 4.229293346405029, 65.73369598388672, 15.259819030761719, 99.95027923583984, 36.2495002746582, 37.01776123046875, 21.89607048034668, 45.22214126586914, 17.183765411376953, 50.473876953125, 56.67653274536133, 14.896408081054688, 26.923667907714844, 0.49313992261886597, 0.2547910213470459, 4.571069717407227, 9.763280868530273, 0.6840247511863708, 2818.186767578125, 738.5470581054688, 70.45848846435547, 0.10537602752447128, 0.01748146116733551], "input_max": [105.29757690429688, 66.56673431396484, 31.404861450195312, 25.288482666015625, 85.46448516845703, 28.583232879638672, 5.553609371185303, 17.628332138061523, 135.91455078125, 68.67506408691406, 261.61932373046875, 190.82798767089844, 106.69618225097656, 85.53270721435547, 215.3766632080078, 172.6604766845703, 86.85768127441406, 84.28434753417969, 42.47114562988281, 53.532066345214844, 0.80051189661026, 0.6457412838935852, 8.18483829498291, 11.059751510620117, 2.143144130706787, 7924.01220703125, 2519.530517578125, 129.52174377441406, 0.26572802662849426, 0.03218604624271393], "output_min": [3.5480101108551025, 0.021152960136532784, 0.4433404803276062, 0.012066282331943512, 0.036355163902044296, 0.13006268441677094, 0.03360278159379959, 0.018533503636717796, 11.32674503326416, 32.28593444824219, 12.785971641540527, 15.229089736938477, 0.010960716754198074], "output_max": [47.100196838378906, 0.3732028007507324, 6.826391220092773, 0.12406808882951736, 0.49304014444351196, 0.6733153462409973, 0.6841849088668823, 0.363227903842926, 51.4588508605957, 186.8941192626953, 61.26939010620117, 87.82845306396484, 0.091743104159832]}