{"input_min": [67.86018371582031, 45.006072998046875, 13.826748847961426, 10.04255199432373, 57.13081359863281, 11.987488746643066, 2.93342924118042, 6.13931941986084, 93.36835479736328, 23.75041961669922, 264.3659362792969, 211.1717987060547, 41.78762435913086, 24.715248107910156, 85.39872741699219, 34.90109634399414, 43.85697937011719, 53.194129943847656, 17.072378158569336, 29.7191162109375, 0.46971994638442993, 0.2012140154838562, 5.071334362030029, 10.651623725891113, 1.0107800960540771, 2514.55810546875, 671.4739379882812, 68.22388458251953, 0.12630191445350647, 0.01934119500219822], "input_max": [122.69390869140625, 68.17570495605469, 18.68958854675293, 11.66158676147461, 96.84807586669922, 14.840933799743652, 3.1128640174865723, 7.578651428222656, 129.0629425048828, 49.51137924194336, 313.72235107421875, 215.6839599609375, 125.94628143310547, 100.39274597167969, 218.91812133789062, 189.19900512695312, 105.31251525878906, 98.03837585449219, 25.553539276123047, 50.49763488769531, 0.8159779906272888, 0.3125004768371582, 7.184828758239746, 13.071243286132812, 1.153181552886963, 11182.8310546875, 2183.873046875, 115.63346862792969, 0.19266536831855774, 0.0263851098716259], "output_min": [7.969993591308594, 0.029933346435427666, 0.5576276779174805, 0.030289942398667336, 0.036768343299627304, 0.10103124380111694, 0.048899874091148376, 0.021014614030718803, 12.519371032714844, 189.3728790283203, 18.575525283813477, 26.32987403869629, 0.4212398827075958], "output_max": [9.264294624328613, 0.12309359014034271, 2.616248607635498, 0.05525261536240578, 0.047756128013134, 0.5631345510482788, 0.3967796266078949, 0.06232471019029617, 41.95196533203125, 209.88230895996094, 52.71925735473633, 96.48690795898438, 0.6468214988708496]}