{"input_min": [67.72211456298828, 44.9161262512207, 13.80042552947998, 8.686944961547852, 57.0119514465332, 11.01731014251709, 2.1664273738861084, 5.590605735778809, 93.2724380493164, 20.017362594604492, 264.21954345703125, 211.13046264648438, 35.71682357788086, 23.09653663635254, 69.86270904541016, 32.704612731933594, 43.77653503417969, 53.08908462524414, 12.62028694152832, 29.66571044921875, 0.4693405032157898, 0.20092792809009552, 5.062032222747803, 10.64892578125, 1.0186963081359863, 2505.067138671875, 668.8471069335938, 68.22388458251953, 0.12630191445350647, 0.01934119500219822], "input_max": [84.7945785522461, 45.06979751586914, 13.859959602355957, 10.02398681640625, 64.6028060913086, 11.964858055114746, 3.106743335723877, 6.127965927124023, 98.10009002685547, 49.495906829833984, 286.7826232910156, 214.19290161132812, 125.8086929321289, 100.30662536621094, 218.6810302734375, 189.01531982421875, 78.08272552490234, 72.58971405029297, 25.5020694732666, 37.15810012817383, 0.7959495782852173, 0.25311756134033203, 5.327106952667236, 11.720503807067871, 1.1530728340148926, 5736.873046875, 1200.882080078125, 115.63346862792969, 0.19266536831855774, 0.0263851098716259], "output_min": [7.969993591308594, 0.029933346435427666, 0.5576276779174805, 0.030289942398667336, 0.036768343299627304, 0.10103124380111694, 0.048899874091148376, 0.021014614030718803, 12.519371032714844, 189.3728790283203, 18.575525283813477, 26.32987403869629, 0.2286730855703354], "output_max": [9.264294624328613, 0.12309359014034271, 2.616248607635498, 0.05525261536240578, 0.047756128013134, 0.5631345510482788, 0.3967796266078949, 0.06232471019029617, 41.95196533203125, 209.88230895996094, 52.71925735473633, 96.48690795898438, 0.3511316478252411]}