{"input_min": [69.8651351928711, 40.09211349487305, 15.178677558898926, 10.541313171386719, 53.985843658447266, 12.820843696594238, 1.9827675819396973, 4.389881134033203, 65.01383972167969, 15.241293907165527, 101.1634521484375, 37.353755950927734, 36.666839599609375, 21.956689834594727, 44.5200309753418, 17.134445190429688, 49.772544860839844, 56.586788177490234, 14.643654823303223, 27.385583877563477, 0.48932844400405884, 0.25028035044670105, 4.50755500793457, 9.87087345123291, 1.0096948146820068, 2735.1318359375, 800.998291015625, 70.45848846435547, 0.10537602752447128, 0.01748146116733551], "input_max": [106.11023712158203, 69.24078369140625, 28.355541229248047, 22.191621780395508, 88.48287200927734, 25.358278274536133, 6.060984134674072, 19.163530349731445, 135.047119140625, 68.44776153564453, 257.1697998046875, 190.87533569335938, 111.11153411865234, 87.87042236328125, 216.43907165527344, 171.36553955078125, 90.83984375, 91.78852081298828, 44.37266540527344, 52.47663879394531, 0.8085856437683105, 0.6470174789428711, 8.35000991821289, 11.019604682922363, 1.1588722467422485, 8043.23583984375, 2529.90185546875, 129.52174377441406, 0.26572802662849426, 0.03218604624271393], "output_min": [3.5480101108551025, 0.021152960136532784, 0.4433404803276062, 0.012066282331943512, 0.036355163902044296, 0.13006268441677094, 0.03360278159379959, 0.018533503636717796, 11.32674503326416, 32.28593444824219, 12.785971641540527, 15.229089736938477, 20.55134391784668], "output_max": [47.100196838378906, 0.3732028007507324, 6.826391220092773, 0.12406808882951736, 0.49304014444351196, 0.6733153462409973, 0.6841849088668823, 0.363227903842926, 51.4588508605957, 186.8941192626953, 61.26939010620117, 87.82845306396484, 172.01832580566406]}