{"input_min": [78.11996459960938, 47.20718765258789, 16.043445587158203, 10.550973892211914, 63.54847717285156, 13.0213623046875, 3.6640710830688477, 5.583609580993652, 111.32284545898438, 30.175432205200195, 130.42739868164062, 67.95271301269531, 83.45547485351562, 59.557289123535156, 48.8884162902832, 19.257946014404297, 62.29897689819336, 62.474674224853516, 23.89818572998047, 29.107942581176758, 0.4720689058303833, 0.35732361674308777, 5.915925025939941, 9.905531883239746, 1.0213264226913452, 3755.98583984375, 1148.238037109375, 89.74339294433594, 0.13492049276828766, 0.024247702211141586], "input_max": [102.72733306884766, 54.681800842285156, 17.898855209350586, 13.483906745910645, 77.32867431640625, 15.562690734863281, 5.192193984985352, 9.26081371307373, 131.9700927734375, 69.6711196899414, 208.47669982910156, 133.98304748535156, 148.0244140625, 95.45125579833984, 154.59535217285156, 125.48741912841797, 81.14741516113281, 74.49364471435547, 52.57315444946289, 29.630470275878906, 0.7289376258850098, 0.47899964451789856, 7.282444000244141, 10.122576713562012, 1.0652395486831665, 8177.2783203125, 1426.955810546875, 94.9602279663086, 0.1918095052242279, 0.02735319547355175], "output_min": [6.4339141845703125, 0.02069868892431259, 1.094721794128418, 0.010960963554680347, 0.16979943215847015, 0.06683912128210068, 0.0647970661520958, 0.12541738152503967, 28.50421142578125, 52.941650390625, 22.603660583496094, 16.017074584960938, 32.81623840332031], "output_max": [41.34761047363281, 0.24896204471588135, 2.7886860370635986, 0.031670942902565, 0.17044061422348022, 0.3377089500427246, 0.13932926952838898, 0.3889135718345642, 59.2321891784668, 129.0898895263672, 54.019927978515625, 108.52387237548828, 80.04600524902344]}