{"input_min": [82.57429504394531, 49.88050079345703, 17.292861938476562, 11.903120994567871, 67.16047668457031, 14.325201034545898, 3.866987705230713, 5.7451491355896, 109.40569305419922, 30.151832580566406, 134.08544921875, 67.66426086425781, 85.78376770019531, 59.3385124206543, 48.92926788330078, 19.233901977539062, 65.67118835449219, 66.42119598388672, 26.44525909423828, 29.69536590576172, 0.48312926292419434, 0.35408803820610046, 6.236151218414307, 9.93799877166748, 0.82222980260849, 4171.3662109375, 1216.0123291015625, 89.74339294433594, 0.13492049276828766, 0.024247702211141586], "input_max": [100.55339050292969, 53.72212219238281, 17.806713104248047, 12.89675521850586, 75.84007263183594, 15.132953643798828, 5.1559624671936035, 10.005404472351074, 135.92881774902344, 70.25762939453125, 208.17617797851562, 134.46348571777344, 163.98577880859375, 91.21941375732422, 157.27880859375, 126.38934326171875, 79.25386047363281, 73.71269226074219, 72.76636505126953, 30.88946533203125, 0.724403440952301, 0.4953646659851074, 7.112509727478027, 10.149446487426758, 1.2063325643539429, 7817.26416015625, 1496.4931640625, 94.9602279663086, 0.1918095052242279, 0.02735319547355175], "output_min": [6.4339141845703125, 0.02069868892431259, 1.094721794128418, 0.010960963554680347, 0.16979943215847015, 0.06683912128210068, 0.0647970661520958, 0.12541738152503967, 28.50421142578125, 52.941650390625, 22.603660583496094, 16.017074584960938, 0.01914280466735363], "output_max": [41.34761047363281, 0.24896204471588135, 2.7886860370635986, 0.031670942902565, 0.17044061422348022, 0.3377089500427246, 0.13932926952838898, 0.3889135718345642, 59.2321891784668, 129.0898895263672, 54.019927978515625, 108.52387237548828, 0.046693503856658936]}