{"input_min": [67.73563385009766, 44.97198486328125, 13.826644897460938, 10.042083740234375, 57.04903030395508, 11.987213134765625, 2.976672410964966, 6.138187885284424, 93.3574447631836, 20.77574348449707, 264.3717956542969, 211.17153930664062, 41.355587005615234, 24.5260009765625, 86.26657104492188, 35.0262336730957, 43.85893630981445, 53.20027542114258, 16.829586029052734, 29.722421646118164, 0.4697957932949066, 0.20123277604579926, 5.071560859680176, 9.950425148010254, 1.0372165441513062, 2511.20361328125, 671.5503540039062, 68.22388458251953, 0.12630191445350647, 0.01934119500219822], "input_max": [88.00650024414062, 58.05753707885742, 18.67482566833496, 11.525348663330078, 73.82884979248047, 14.746759414672852, 3.1131269931793213, 7.361241340637207, 125.1456069946289, 49.498512268066406, 315.2030029296875, 215.6553955078125, 125.93478393554688, 100.38372802734375, 218.92901611328125, 189.2065887451172, 104.36986541748047, 99.54759979248047, 25.551055908203125, 51.240333557128906, 0.8339874148368835, 0.3158206045627594, 7.120517730712891, 10.634971618652344, 1.1532987356185913, 8676.7685546875, 2223.405517578125, 115.63346862792969, 0.19266536831855774, 0.0263851098716259], "output_min": [7.969993591308594, 0.029933346435427666, 0.5576276779174805, 0.030289942398667336, 0.036768343299627304, 0.10103124380111694, 0.048899874091148376, 0.021014614030718803, 12.519371032714844, 189.3728790283203, 18.575525283813477, 26.32987403869629, 1.409217357635498], "output_max": [9.264294624328613, 0.12309359014034271, 2.616248607635498, 0.05525261536240578, 0.047756128013134, 0.5631345510482788, 0.3967796266078949, 0.06232471019029617, 41.95196533203125, 209.88230895996094, 52.71925735473633, 96.48690795898438, 2.6813924312591553]}