{"input_min": [66.56595611572266, 32.402549743652344, 14.490257263183594, 10.158174514770508, 47.288551330566406, 12.213545799255371, 2.01863694190979, 4.064875602722168, 65.33472442626953, 15.174593925476074, 102.00521087646484, 37.3457145690918, 36.311790466308594, 21.741655349731445, 45.3633918762207, 17.191978454589844, 50.16012954711914, 57.25135040283203, 14.570135116577148, 27.772083282470703, 0.4998129606246948, 0.2554096281528473, 4.5426554679870605, 5.689506530761719, 0.9846243858337402, 2594.172119140625, 807.2810668945312, 70.45848846435547, 0.10537602752447128, 0.01748146116733551], "input_max": [143.89402770996094, 104.0689697265625, 27.447582244873047, 22.08369255065918, 126.54253387451172, 24.857177734375, 5.746292591094971, 19.429033279418945, 133.2807159423828, 66.08311462402344, 256.4042663574219, 190.9161376953125, 110.99531555175781, 88.77645111083984, 206.4224395751953, 165.4499969482422, 90.9823226928711, 82.23148345947266, 45.02543258666992, 50.13792037963867, 0.7677407264709473, 0.6446669101715088, 8.198310852050781, 20.120023727416992, 1.1744612455368042, 11565.60546875, 2139.2685546875, 129.52174377441406, 0.26572802662849426, 0.03218604624271393], "output_min": [3.5480101108551025, 0.021152960136532784, 0.4433404803276062, 0.012066282331943512, 0.036355163902044296, 0.13006268441677094, 0.03360278159379959, 0.018533503636717796, 11.32674503326416, 32.28593444824219, 12.785971641540527, 15.229089736938477, 0.14385941624641418], "output_max": [47.100196838378906, 0.3732028007507324, 6.826391220092773, 0.12406808882951736, 0.49304014444351196, 0.6733153462409973, 0.6841849088668823, 0.363227903842926, 51.4588508605957, 186.8941192626953, 61.26939010620117, 87.82845306396484, 1.2041282653808594]}