{"input_min": [61.30716323852539, 33.939735412597656, 11.417914390563965, 7.303413391113281, 48.009376525878906, 9.645864486694336, 1.6956454515457153, 2.347055673599243, 67.79007720947266, 14.524575233459473, 86.57606506347656, 29.948068618774414, 25.234769821166992, 13.828920364379883, 55.10722351074219, 18.81593894958496, 48.43064880371094, 48.22106170654297, 10.087851524353027, 23.31830406188965, 0.38063934445381165, 0.22381870448589325, 3.9787116050720215, 9.716492652893066, 0.9764549136161804, 2273.259033203125, 431.5277099609375, 63.283084869384766, 0.0990084707736969, 0.014105234295129776], "input_max": [111.71106719970703, 63.82773208618164, 26.312358856201172, 20.75629234313965, 85.01091003417969, 22.335203170776367, 10.721500396728516, 17.611900329589844, 167.90806579589844, 103.26668548583984, 327.9580078125, 237.54139709472656, 208.87350463867188, 170.31114196777344, 216.34555053710938, 179.7964630126953, 105.76981353759766, 97.70702362060547, 74.73155212402344, 74.86358642578125, 0.8606102466583252, 0.7013669013977051, 8.33501148223877, 11.50898265838623, 1.1871436834335327, 12620.3251953125, 3657.912841796875, 125.60565185546875, 0.25980091094970703, 0.04086112603545189], "output_min": [2.418243408203125, 0.014613267034292221, 0.2964722514152527, 0.007781213149428368, 0.030689198523759842, 0.03388356417417526, 0.03087613545358181, 0.014472522772848606, 10.661079406738281, 27.167705535888672, 10.234389305114746, 13.9573392868042, 3.619046211242676], "output_max": [57.012901306152344, 0.3580949008464813, 7.337188720703125, 0.1791796088218689, 0.5722630620002747, 0.8568767309188843, 0.548895537853241, 0.36081233620643616, 78.63259887695312, 193.41397094726562, 77.29549407958984, 110.80233001708984, 24.901470184326172]}