{"input_min": [53.87106704711914, 29.71129035949707, 13.667235374450684, 8.52794075012207, 41.35811233520508, 11.02992057800293, 1.7279186248779297, 3.462571382522583, 81.7862319946289, 30.4526309967041, 102.75576782226562, 43.226417541503906, 39.16911697387695, 26.501523971557617, 56.06311798095703, 21.827882766723633, 41.934139251708984, 48.55425262451172, 9.55123233795166, 24.22310447692871, 0.34307414293289185, 0.2576693594455719, 4.300656795501709, 5.98616886138916, 1.029843807220459, 1688.8778076171875, 682.0888061523438, 63.079166412353516, 0.10379170626401901, 0.013723857700824738], "input_max": [102.35565185546875, 71.1666488647461, 29.23713493347168, 22.268281936645508, 86.76251983642578, 25.19014549255371, 6.710380554199219, 18.898405075073242, 160.75311279296875, 83.32620239257812, 312.673583984375, 207.1997528076172, 250.78590393066406, 215.731689453125, 219.93975830078125, 189.75653076171875, 112.21272277832031, 105.47384643554688, 85.58516693115234, 49.625362396240234, 0.6980438232421875, 0.6591956615447998, 7.1080217361450195, 14.43126392364502, 1.3131024837493896, 10945.1220703125, 2866.77294921875, 127.9505386352539, 0.19939422607421875, 0.028378751128911972], "output_min": [2.8798930644989014, 0.034807536751031876, 0.34982725977897644, 0.009976067580282688, 0.02950444631278515, 0.04134642705321312, 0.035387296229600906, 0.031044336035847664, 11.090835571289062, 37.02873229980469, 14.511134147644043, 18.269227981567383, 0.1413850635290146], "output_max": [46.51959991455078, 0.37313008308410645, 5.537749290466309, 0.1246475875377655, 0.45122602581977844, 0.8672981858253479, 0.7279056310653687, 0.3200940489768982, 77.9972915649414, 192.82635498046875, 72.4488754272461, 109.89892578125, 0.7281190752983093]}