{"input_min": [58.983158111572266, 33.11001205444336, 11.491827011108398, 7.882976531982422, 46.42405319213867, 9.651498794555664, 1.6960288286209106, 2.3493173122406006, 68.17556762695312, 14.518860816955566, 86.59452056884766, 29.94995880126953, 25.66432762145996, 13.785085678100586, 55.099117279052734, 18.811092376708984, 48.34358596801758, 48.3349494934082, 10.32690715789795, 23.339401245117188, 0.382170170545578, 0.2241618037223816, 3.7666399478912354, 9.7145414352417, 0.9756333827972412, 2090.194580078125, 435.3621520996094, 63.283084869384766, 0.0990084707736969, 0.014105234295129776], "input_max": [112.2805404663086, 63.85239791870117, 24.453365325927734, 19.500951766967773, 85.41923522949219, 21.949132919311523, 10.722976684570312, 16.691539764404297, 167.98886108398438, 103.41155242919922, 328.2310485839844, 237.28565979003906, 201.68307495117188, 165.24537658691406, 215.70297241210938, 181.44277954101562, 106.74051666259766, 98.25623321533203, 75.24429321289062, 74.47746276855469, 0.860444962978363, 0.7014274001121521, 8.379644393920898, 11.737985610961914, 1.2910125255584717, 12589.3037109375, 3670.68603515625, 125.60565185546875, 0.25980091094970703, 0.04086112603545189], "output_min": [2.418243408203125, 0.014613267034292221, 0.2964722514152527, 0.007781213149428368, 0.030689198523759842, 0.03388356417417526, 0.03087613545358181, 0.014472522772848606, 10.661079406738281, 27.167705535888672, 10.234389305114746, 13.9573392868042, 5.790473937988281], "output_max": [57.012901306152344, 0.3580949008464813, 7.337188720703125, 0.1791796088218689, 0.5722630620002747, 0.8568767309188843, 0.548895537853241, 0.36081233620643616, 78.63259887695312, 193.41397094726562, 77.29549407958984, 110.80233001708984, 39.84235382080078]}