{"input_min": [66.5032730102539, 34.633026123046875, 16.029296875, 10.574219703674316, 49.59153366088867, 13.029643058776855, 3.919215202331543, 5.638356685638428, 112.40396881103516, 30.465160369873047, 135.3939666748047, 68.37104797363281, 83.71682739257812, 59.599117279052734, 48.735862731933594, 19.240798950195312, 64.44183349609375, 67.02291107177734, 24.117708206176758, 29.495065689086914, 0.48865315318107605, 0.3561096787452698, 6.119410991668701, 7.463515281677246, 1.005143165588379, 3152.186279296875, 1276.7647705078125, 89.74339294433594, 0.13492049276828766, 0.024247702211141586], "input_max": [116.89440155029297, 68.70142364501953, 18.501361846923828, 13.71705150604248, 92.55890655517578, 15.978739738464355, 5.164943218231201, 9.26696491241455, 131.87643432617188, 67.4345932006836, 208.0867156982422, 133.98501586914062, 148.17872619628906, 95.46815490722656, 157.87022399902344, 126.65072631835938, 81.93880462646484, 74.10169219970703, 52.710575103759766, 31.219497680664062, 0.7289671897888184, 0.49502140283584595, 7.353466033935547, 11.88473129272461, 1.0968008041381836, 9359.8779296875, 1416.916015625, 94.9602279663086, 0.1918095052242279, 0.02735319547355175], "output_min": [6.4339141845703125, 0.02069868892431259, 1.094721794128418, 0.010960963554680347, 0.16979943215847015, 0.06683912128210068, 0.0647970661520958, 0.12541738152503967, 28.50421142578125, 52.941650390625, 22.603660583496094, 16.017074584960938, 0.22971366345882416], "output_max": [41.34761047363281, 0.24896204471588135, 2.7886860370635986, 0.031670942902565, 0.17044061422348022, 0.3377089500427246, 0.13932926952838898, 0.3889135718345642, 59.2321891784668, 129.0898895263672, 54.019927978515625, 108.52387237548828, 0.5603220462799072]}