{"input_min": [67.06690216064453, 41.500831604003906, 15.599849700927734, 9.170856475830078, 54.94521713256836, 11.847722053527832, 1.3733066320419312, 5.077816009521484, 74.50114440917969, 26.14926528930664, 85.45365905761719, 44.72010803222656, 34.091331481933594, 23.954357147216797, 45.28225326538086, 21.649757385253906, 43.892784118652344, 39.4995231628418, 10.136975288391113, 20.36836814880371, 0.4395665228366852, 0.2614777386188507, 4.52539587020874, 7.637259006500244, 1.0054658651351929, 2421.990966796875, 798.1134033203125, 63.079166412353516, 0.10379170626401901, 0.013723857700824738], "input_max": [142.89210510253906, 65.61363220214844, 36.39505386352539, 27.502986907958984, 105.073974609375, 31.271970748901367, 8.137067794799805, 23.47244644165039, 248.42527770996094, 87.81104278564453, 303.97393798828125, 206.14230346679688, 294.859130859375, 251.09243774414062, 297.8241271972656, 242.83065795898438, 165.23899841308594, 157.50723266601562, 96.97175598144531, 83.24971008300781, 0.6953664422035217, 0.7033147215843201, 12.765195846557617, 12.191065788269043, 1.3522354364395142, 39297.03125, 7264.791015625, 127.9505386352539, 0.19939422607421875, 0.028378751128911972], "output_min": [2.8798930644989014, 0.034807536751031876, 0.34982725977897644, 0.009976067580282688, 0.02950444631278515, 0.04134642705321312, 0.035387296229600906, 0.031044336035847664, 11.090835571289062, 37.02873229980469, 14.511134147644043, 18.269227981567383, 0.07675189524888992], "output_max": [46.51959991455078, 0.37313008308410645, 5.537749290466309, 0.1246475875377655, 0.45122602581977844, 0.8672981858253479, 0.7279056310653687, 0.3200940489768982, 77.9972915649414, 192.82635498046875, 72.4488754272461, 109.89892578125, 0.3952646255493164]}