{"input_min": [47.87428283691406, 30.05971336364746, 9.202500343322754, 5.343177318572998, 39.80942916870117, 8.3021821975708, 1.1331359148025513, 1.5958367586135864, 44.985347747802734, 11.318248748779297, 70.32474517822266, 26.12082862854004, 23.37684440612793, 12.664533615112305, 41.68484878540039, 15.805411338806152, 27.60857582092285, 28.318805694580078, 8.256863594055176, 12.654786109924316, 0.21386878192424774, 0.12507203221321106, 2.594857692718506, 9.330262184143066, 0.9455251097679138, 944.3292236328125, 69.75740814208984, 60.9023323059082, 0.08538384735584259, 0.013580734841525555], "input_max": [128.4229278564453, 74.46533966064453, 43.246238708496094, 28.838760375976562, 97.078857421875, 33.688026428222656, 14.443986892700195, 28.129467010498047, 233.6592254638672, 129.4113006591797, 359.49945068359375, 271.60919189453125, 407.2663269042969, 334.8785095214844, 405.0101318359375, 362.7289733886719, 132.08465576171875, 120.94304656982422, 176.2252960205078, 98.87589263916016, 0.9113578796386719, 0.7935892343521118, 9.811452865600586, 13.269947052001953, 1.4620472192764282, 27779.259765625, 7728.1943359375, 130.4999542236328, 0.31082695722579956, 0.04244813323020935], "output_min": [2.4062604904174805, 0.014439127407968044, 0.2936992645263672, 0.007217073813080788, 0.02887922339141369, 0.0325273759663105, 0.028873350471258163, 0.014434902928769588, 10.459521293640137, 24.400318145751953, 10.111483573913574, 13.82819938659668, 3.333853006362915], "output_max": [64.94386291503906, 0.38958740234375, 7.922666072845459, 0.1947772353887558, 0.7791982889175415, 0.878130316734314, 0.7792386412620544, 0.38936424255371094, 94.12479400634766, 219.5526885986328, 90.96434783935547, 124.4381332397461, 29.99997901916504]}