{"input_min": [76.78316497802734, 40.240623474121094, 16.55883026123047, 11.984938621520996, 57.439292907714844, 14.41756820678711, 1.8906676769256592, 7.0484490394592285, 93.22376251220703, 27.32376480102539, 125.49174499511719, 47.3404655456543, 30.364723205566406, 19.25529670715332, 66.60112762451172, 33.01807403564453, 65.9000015258789, 70.92723083496094, 11.109426498413086, 33.58304977416992, 0.6512677073478699, 0.2737031579017639, 4.914421081542969, 10.080272674560547, 1.0546703338623047, 3559.911865234375, 1268.2288818359375, 74.57391357421875, 0.14124812185764313, 0.021621311083436012], "input_max": [91.04781341552734, 52.8179817199707, 28.918588638305664, 23.00289535522461, 72.32284545898438, 25.958358764648438, 4.554576873779297, 20.42133903503418, 107.79521179199219, 37.591670989990234, 259.1392517089844, 188.21200561523438, 111.47972869873047, 90.61182403564453, 144.37220764160156, 108.51679229736328, 70.20354461669922, 78.15127563476562, 20.86790657043457, 35.85541534423828, 0.7069013118743896, 0.6227602958679199, 6.987130165100098, 10.761128425598145, 1.1266881227493286, 5732.14404296875, 2382.423583984375, 99.52674865722656, 0.21049398183822632, 0.02967131696641445], "output_min": [13.701143264770508, 0.042546410113573074, 0.5135071277618408, 0.008232607506215572, 0.03314686939120293, 0.5180249810218811, 0.02993403933942318, 0.018582865595817566, 24.328182220458984, 37.24741744995117, 15.355253219604492, 26.607280731201172], "output_max": [19.557296752929688, 0.3008118271827698, 2.626079559326172, 0.014534492045640945, 0.04720958694815636, 0.7874848246574402, 0.03413604944944382, 0.2635901868343353, 32.036434173583984, 156.88934326171875, 63.983131408691406, 47.55877685546875]}