{"input_min": [70.9491958618164, 53.226619720458984, 17.230485916137695, 13.130264282226562, 64.26927947998047, 15.30412483215332, 2.0779361724853516, 7.057850360870361, 144.33558654785156, 88.34596252441406, 119.96818542480469, 61.304073333740234, 47.63432312011719, 26.282211303710938, 69.69213104248047, 29.642990112304688, 51.91193389892578, 55.268619537353516, 21.35211181640625, 40.04914474487305, 0.359661340713501, 0.46069395542144775, 6.111535549163818, 9.878856658935547, 1.0178658962249756, 3060.849365234375, 873.21337890625, 114.81770324707031, 0.1014060527086258, 0.018516870215535164], "input_max": [119.52239227294922, 55.73067855834961, 18.369657516479492, 13.372662544250488, 83.89873504638672, 15.488238334655762, 2.4607043266296387, 8.511331558227539, 160.48130798339844, 92.42366027832031, 126.90412139892578, 64.69956970214844, 267.6170654296875, 215.97267150878906, 99.46705627441406, 52.909934997558594, 72.13534545898438, 65.60004425048828, 51.64439392089844, 46.5571174621582, 0.44949376583099365, 0.5169260501861572, 8.282415390014648, 10.113428115844727, 1.1114708185195923, 7610.1279296875, 1725.386474609375, 117.72891235351562, 0.1596848964691162, 0.021098073571920395], "output_min": [6.731553554534912, 0.04183340445160866, 0.4780442714691162, 0.027997616678476334, 0.03987114876508713, 0.03558790683746338, 0.2318047732114792, 0.023132750764489174, 82.95785522460938, 32.136295318603516, 17.554468154907227, 18.079042434692383, 0.8635284304618835], "output_max": [33.76845169067383, 0.3074241280555725, 5.467726707458496, 0.05089206621050835, 0.09520087391138077, 0.3928801715373993, 0.2621656358242035, 0.0376397930085659, 85.84695434570312, 58.42273712158203, 71.68881225585938, 27.659547805786133, 2.594994068145752]}