{"input_min": [67.76608276367188, 44.921913146972656, 13.831740379333496, 10.047088623046875, 57.03766632080078, 11.992237091064453, 2.924215316772461, 6.136423587799072, 93.34114074707031, 20.8575496673584, 264.3743896484375, 211.1797637939453, 45.165340423583984, 24.111751556396484, 85.24095916748047, 34.87751007080078, 43.84150314331055, 53.19463348388672, 21.053586959838867, 29.720638275146484, 0.46969106793403625, 0.20120947062969208, 5.069544792175293, 10.03787899017334, 1.155096411705017, 2509.92578125, 671.6998291015625, 68.22388458251953, 0.12630191445350647, 0.01934119500219822], "input_max": [97.17919921875, 45.985618591308594, 20.877761840820312, 13.893181800842285, 70.94051361083984, 17.039173126220703, 3.1131582260131836, 7.98221492767334, 120.17706298828125, 49.49964141845703, 313.7834167480469, 216.5062255859375, 125.91801452636719, 100.36827087402344, 218.92869567871094, 189.20806884765625, 99.31951141357422, 97.27718353271484, 25.549747467041016, 50.36344909667969, 0.8264431953430176, 0.3100138008594513, 6.775963306427002, 10.63695240020752, 1.3366304636001587, 8103.7236328125, 2356.22509765625, 115.63346862792969, 0.19266536831855774, 0.0263851098716259], "output_min": [7.969993591308594, 0.029933346435427666, 0.5576276779174805, 0.030289942398667336, 0.036768343299627304, 0.10103124380111694, 0.048899874091148376, 0.021014614030718803, 12.519371032714844, 189.3728790283203, 18.575525283813477, 26.32987403869629, 0.03510332480072975], "output_max": [9.264294624328613, 0.12309359014034271, 2.616248607635498, 0.05525261536240578, 0.047756128013134, 0.5631345510482788, 0.3967796266078949, 0.06232471019029617, 41.95196533203125, 209.88230895996094, 52.71925735473633, 96.48690795898438, 0.0539017878472805]}