{"input_min": [93.44049835205078, 35.18523025512695, 16.026458740234375, 10.528552055358887, 65.77102661132812, 13.000944137573242, 3.853140354156494, 5.560099124908447, 111.2409439086914, 30.12063980102539, 134.19461059570312, 68.517333984375, 83.33596801757812, 59.54638671875, 48.926353454589844, 19.262149810791016, 63.65736770629883, 65.67728424072266, 23.789581298828125, 29.664201736450195, 0.4723743200302124, 0.35768142342567444, 6.044918060302734, 9.930379867553711, 1.022092580795288, 4464.513671875, 1256.961669921875, 89.74339294433594, 0.13492049276828766, 0.024247702211141586], "input_max": [101.37657165527344, 61.6783332824707, 18.64687156677246, 13.931856155395508, 77.49239349365234, 16.158605575561523, 5.199118137359619, 9.630157470703125, 134.76043701171875, 71.10306549072266, 208.5841827392578, 133.9774932861328, 153.22030639648438, 97.98565673828125, 156.99368286132812, 126.35778045654297, 81.12030029296875, 74.606689453125, 55.23465347290039, 30.63590431213379, 0.7292306423187256, 0.4894181787967682, 7.280011177062988, 10.242964744567871, 1.0799895524978638, 8118.7060546875, 1428.257568359375, 94.9602279663086, 0.1918095052242279, 0.02735319547355175], "output_min": [6.4339141845703125, 0.02069868892431259, 1.094721794128418, 0.010960963554680347, 0.16979943215847015, 0.06683912128210068, 0.0647970661520958, 0.12541738152503967, 28.50421142578125, 52.941650390625, 22.603660583496094, 16.017074584960938, 0.5674974918365479], "output_max": [41.34761047363281, 0.24896204471588135, 2.7886860370635986, 0.031670942902565, 0.17044061422348022, 0.3377089500427246, 0.13932926952838898, 0.3889135718345642, 59.2321891784668, 129.0898895263672, 54.019927978515625, 108.52387237548828, 2.161923408508301]}