{"input_min": [41.38199234008789, 22.231966018676758, 9.264183044433594, 6.366994380950928, 32.19483947753906, 8.256257057189941, 1.0210002660751343, 1.5994054079055786, 46.213844299316406, 11.29262924194336, 73.28873443603516, 26.24071502685547, 23.016258239746094, 12.62997817993164, 41.23407745361328, 15.802257537841797, 28.24762535095215, 30.16373062133789, 8.183542251586914, 12.574800491333008, 0.21337032318115234, 0.1265631765127182, 2.566631555557251, 9.531157493591309, 0.9363928437232971, 810.0784301757812, 75.38041687011719, 60.9023323059082, 0.08538384735584259, 0.013580734841525555], "input_max": [126.79995727539062, 78.74919891357422, 35.99332046508789, 28.74180030822754, 102.40630340576172, 32.35322952270508, 14.75915241241455, 27.258852005004883, 231.98580932617188, 129.15036010742188, 354.1881408691406, 270.7411804199219, 454.64837646484375, 368.8086242675781, 402.3084411621094, 361.5072326660156, 127.87983703613281, 119.30298614501953, 177.15321350097656, 99.20829010009766, 0.9089674353599548, 0.7929694056510925, 10.067910194396973, 12.863423347473145, 1.5218539237976074, 28869.0234375, 7897.4619140625, 130.4999542236328, 0.31082695722579956, 0.04244813323020935], "output_min": [2.4062604904174805, 0.014439127407968044, 0.2936992645263672, 0.007217073813080788, 0.02887922339141369, 0.0325273759663105, 0.028873350471258163, 0.014434902928769588, 10.459521293640137, 24.400318145751953, 10.111483573913574, 13.82819938659668, 20.00311851501465], "output_max": [64.94386291503906, 0.38958740234375, 7.922666072845459, 0.1947772353887558, 0.7791982889175415, 0.878130316734314, 0.7792386412620544, 0.38936424255371094, 94.12479400634766, 219.5526885986328, 90.96434783935547, 124.4381332397461, 179.9998779296875]}