{"input_min": [62.20083999633789, 40.8709831237793, 11.411874771118164, 7.25642728805542, 52.14341735839844, 8.901473999023438, 1.7013356685638428, 3.7139105796813965, 82.91615295410156, 27.325298309326172, 102.05180358886719, 42.97965621948242, 38.08205795288086, 25.71544075012207, 56.89556884765625, 21.842824935913086, 42.0259895324707, 47.89744186401367, 10.00597858428955, 23.98567008972168, 0.3415917158126831, 0.256794273853302, 4.310076713562012, 9.949122428894043, 0.7114276885986328, 1957.79541015625, 629.9634399414062, 63.079166412353516, 0.10379170626401901, 0.013723857700824738], "input_max": [97.37950897216797, 55.3068733215332, 29.02161407470703, 21.897897720336914, 75.51175689697266, 24.56859016418457, 6.858662128448486, 19.47005844116211, 169.09689331054688, 86.04191589355469, 313.6209716796875, 207.71084594726562, 255.45306396484375, 219.94097900390625, 216.37850952148438, 186.87008666992188, 111.94784545898438, 105.91011047363281, 84.579833984375, 49.90467071533203, 0.7057585120201111, 0.6573105454444885, 7.2917656898498535, 11.198018074035645, 1.4704475402832031, 15697.88671875, 2796.685791015625, 127.9505386352539, 0.19939422607421875, 0.028378751128911972], "output_min": [2.8798930644989014, 0.034807536751031876, 0.34982725977897644, 0.009976067580282688, 0.02950444631278515, 0.04134642705321312, 0.035387296229600906, 0.031044336035847664, 11.090835571289062, 37.02873229980469, 14.511134147644043, 18.269227981567383, 0.010772195644676685], "output_max": [46.51959991455078, 0.37313008308410645, 5.537749290466309, 0.1246475875377655, 0.45122602581977844, 0.8672981858253479, 0.7279056310653687, 0.3200940489768982, 77.9972915649414, 192.82635498046875, 72.4488754272461, 109.89892578125, 0.055475737899541855]}