{"input_min": [40.85946273803711, 22.181650161743164, 9.22251033782959, 6.393605709075928, 29.808855056762695, 8.119131088256836, 1.15232515335083, 1.5943461656570435, 46.634765625, 11.103981018066406, 72.79891967773438, 26.206092834472656, 23.213481903076172, 12.568660736083984, 41.71197509765625, 15.823644638061523, 28.261335372924805, 30.787778854370117, 8.209141731262207, 12.565417289733887, 0.21400611102581024, 0.12725046277046204, 2.5903725624084473, 5.563348293304443, 0.8686821460723877, 755.672607421875, 74.17672729492188, 60.9023323059082, 0.08538384735584259, 0.013580734841525555], "input_max": [214.41275024414062, 167.6128692626953, 34.224464416503906, 28.121395111083984, 191.28945922851562, 31.16860008239746, 14.495787620544434, 26.794368743896484, 242.02590942382812, 150.47219848632812, 356.59381103515625, 268.9458923339844, 445.088134765625, 365.2666931152344, 407.7905578613281, 365.3868103027344, 131.98468017578125, 119.84906768798828, 181.9136199951172, 99.65341186523438, 0.912280797958374, 0.7946189641952515, 9.550745010375977, 21.157567977905273, 1.4948863983154297, 43874.453125, 7187.78662109375, 130.4999542236328, 0.31082695722579956, 0.04244813323020935], "output_min": [2.4062604904174805, 0.014439127407968044, 0.2936992645263672, 0.007217073813080788, 0.02887922339141369, 0.0325273759663105, 0.028873350471258163, 0.014434902928769588, 10.459521293640137, 24.400318145751953, 10.111483573913574, 13.82819938659668, 0.14002183079719543], "output_max": [64.94386291503906, 0.38958740234375, 7.922666072845459, 0.1947772353887558, 0.7791982889175415, 0.878130316734314, 0.7792386412620544, 0.38936424255371094, 94.12479400634766, 219.5526885986328, 90.96434783935547, 124.4381332397461, 1.25999915599823]}