{"input_min": [81.9162826538086, 49.50925064086914, 17.05509376525879, 11.51853084564209, 66.63399505615234, 14.156501770019531, 3.8324084281921387, 5.554897308349609, 110.92955017089844, 30.170860290527344, 133.1741180419922, 67.02776336669922, 83.08370971679688, 59.55622863769531, 49.29377746582031, 19.271936416625977, 65.08045196533203, 66.1463623046875, 23.527482986450195, 30.021841049194336, 0.4812004864215851, 0.3569088578224182, 6.180054187774658, 9.919629096984863, 0.8373106122016907, 4106.14111328125, 1205.04248046875, 89.74339294433594, 0.13492049276828766, 0.024247702211141586], "input_max": [102.34249114990234, 54.57405471801758, 17.646499633789062, 12.930755615234375, 77.11015319824219, 14.824416160583496, 5.217064380645752, 9.64979076385498, 135.2460174560547, 70.16556549072266, 209.0828094482422, 134.4593048095703, 153.85824584960938, 98.34237670898438, 156.90980529785156, 126.212890625, 80.7586898803711, 74.62350463867188, 55.515869140625, 30.69692039489746, 0.7280178070068359, 0.4966907799243927, 7.24755859375, 10.161979675292969, 1.1868278980255127, 8118.18505859375, 1500.648681640625, 94.9602279663086, 0.1918095052242279, 0.02735319547355175], "output_min": [6.4339141845703125, 0.02069868892431259, 1.094721794128418, 0.010960963554680347, 0.16979943215847015, 0.06683912128210068, 0.0647970661520958, 0.12541738152503967, 28.50421142578125, 52.941650390625, 22.603660583496094, 16.017074584960938, 0.017501993104815483], "output_max": [41.34761047363281, 0.24896204471588135, 2.7886860370635986, 0.031670942902565, 0.17044061422348022, 0.3377089500427246, 0.13932926952838898, 0.3889135718345642, 59.2321891784668, 129.0898895263672, 54.019927978515625, 108.52387237548828, 0.04269120469689369]}