{"input_min": [90.69296264648438, 48.05763626098633, 14.506709098815918, 8.949867248535156, 68.86222076416016, 11.506640434265137, 5.129662990570068, 4.532856464385986, 97.51437377929688, 19.3856201171875, 123.09972381591797, 46.73007583618164, 88.242919921875, 60.98161315917969, 79.29850769042969, 36.5643424987793, 78.12875366210938, 76.3696517944336, 27.261308670043945, 42.73416519165039, 0.766366720199585, 0.6203884482383728, 6.351973533630371, 9.85902214050293, 1.0142295360565186, 6105.546875, 1002.0567626953125, 68.22388458251953, 0.19266536831855774, 0.02616088278591633], "input_max": [105.67465209960938, 48.81416320800781, 17.2731876373291, 12.33388900756836, 74.70426177978516, 14.791460037231445, 6.914184093475342, 8.148170471191406, 131.51011657714844, 30.72513771057129, 140.13526916503906, 48.39389419555664, 184.55239868164062, 123.83943176269531, 233.6046600341797, 190.52197265625, 100.78498077392578, 91.74137115478516, 60.712974548339844, 43.08268737792969, 0.8012024164199829, 0.6546629667282104, 6.875943183898926, 10.0335054397583, 1.0458624362945557, 9429.7392578125, 1228.70166015625, 81.30135345458984, 0.2129082828760147, 0.0263851098716259], "output_min": [15.778841972351074, 0.055585771799087524, 0.6090438365936279, 0.061546795070171356, 0.054812684655189514, 0.053805239498615265, 0.036768343299627304, 0.04483634978532791, 14.86287784576416, 29.201759338378906, 40.54412078857422, 25.409725189208984], "output_max": [23.88981056213379, 0.07533235847949982, 0.972976803779602, 0.0642918273806572, 0.12115976959466934, 0.24900512397289276, 0.49982357025146484, 0.19838981330394745, 27.734771728515625, 31.3394832611084, 86.96107482910156, 107.33113098144531]}