{"input_min": [70.419189453125, 49.19676971435547, 13.850035667419434, 11.096158981323242, 60.78076934814453, 12.451593399047852, 1.8396681547164917, 7.252009868621826, 135.09754943847656, 88.54659271240234, 99.0893325805664, 58.55705642700195, 53.64744186401367, 28.04010581970215, 80.3814468383789, 32.54615020751953, 42.826175689697266, 40.53227615356445, 25.607336044311523, 33.50609588623047, 0.3170018792152405, 0.40904784202575684, 5.041878700256348, 9.075777053833008, 1.0312789678573608, 2432.92578125, 517.2894287109375, 114.81770324707031, 0.1014060527086258, 0.018516870215535164], "input_max": [118.2457504272461, 67.58596801757812, 22.433950424194336, 15.854528427124023, 92.75767517089844, 18.815784454345703, 2.621825695037842, 8.455513954162598, 175.0443572998047, 92.27136993408203, 144.5787353515625, 61.93798828125, 238.52108764648438, 195.5540008544922, 83.38001251220703, 46.8753547668457, 86.49775695800781, 82.64075469970703, 42.96708297729492, 50.8338623046875, 0.4941476583480835, 0.5715968608856201, 9.931473731994629, 11.690305709838867, 1.0431755781173706, 10083.568359375, 2688.052490234375, 117.72891235351562, 0.1596848964691162, 0.021098073571920395], "output_min": [6.731553554534912, 0.04183340445160866, 0.4780442714691162, 0.027997616678476334, 0.03987114876508713, 0.03558790683746338, 0.2318047732114792, 0.023132750764489174, 82.95785522460938, 32.136295318603516, 17.554468154907227, 18.079042434692383, 0.16497348248958588], "output_max": [33.76845169067383, 0.3074241280555725, 5.467726707458496, 0.05089206621050835, 0.09520087391138077, 0.3928801715373993, 0.2621656358242035, 0.0376397930085659, 85.84695434570312, 58.42273712158203, 71.68881225585938, 27.659547805786133, 0.34354791045188904]}