{"input_min": [67.7856674194336, 44.93460464477539, 13.82148265838623, 10.045655250549316, 57.05429458618164, 11.986818313598633, 2.9868454933166504, 6.138521671295166, 93.3589096069336, 21.206436157226562, 264.3671569824219, 211.16546630859375, 41.130104064941406, 24.49627113342285, 86.4655532836914, 35.058837890625, 43.85693359375, 53.20170211791992, 16.633831024169922, 29.721431732177734, 0.4697669744491577, 0.20124171674251556, 5.071329116821289, 10.01132583618164, 1.0383096933364868, 2511.66455078125, 671.5269165039062, 68.22388458251953, 0.12630191445350647, 0.01934119500219822], "input_max": [101.36748504638672, 47.89501190185547, 17.229734420776367, 12.326196670532227, 73.97301483154297, 14.738327026367188, 3.1129801273345947, 7.376101970672607, 125.13758087158203, 49.50197982788086, 315.63287353515625, 215.62435913085938, 125.93711853027344, 100.38679504394531, 218.9237060546875, 189.20228576660156, 103.93114471435547, 100.00851440429688, 25.550325393676758, 51.40671157836914, 0.8305350542068481, 0.3168507516384125, 7.0905866622924805, 10.636523246765137, 1.1532078981399536, 8927.4365234375, 2223.5263671875, 115.63346862792969, 0.19266536831855774, 0.0263851098716259], "output_min": [7.969993591308594, 0.029933346435427666, 0.5576276779174805, 0.030289942398667336, 0.036768343299627304, 0.10103124380111694, 0.048899874091148376, 0.021014614030718803, 12.519371032714844, 189.3728790283203, 18.575525283813477, 26.32987403869629, 10.029520988464355], "output_max": [9.264294624328613, 0.12309359014034271, 2.616248607635498, 0.05525261536240578, 0.047756128013134, 0.5631345510482788, 0.3967796266078949, 0.06232471019029617, 41.95196533203125, 209.88230895996094, 52.71925735473633, 96.48690795898438, 15.400510787963867]}