{"input_min": [58.50354766845703, 38.01169967651367, 11.460360527038574, 7.858736038208008, 51.697601318359375, 9.624273300170898, 1.6864099502563477, 2.3393609523773193, 67.00193786621094, 14.513279914855957, 86.24849700927734, 29.9462833404541, 25.1822566986084, 13.862859725952148, 54.838294982910156, 18.802093505859375, 46.78775405883789, 48.05794906616211, 10.019914627075195, 23.305156707763672, 0.3723587393760681, 0.2242009937763214, 4.542959213256836, 9.72882080078125, 0.9772518873214722, 2475.601318359375, 415.2423400878906, 63.283084869384766, 0.0990084707736969, 0.014105234295129776], "input_max": [134.3009490966797, 69.3134994506836, 27.787187576293945, 22.10315704345703, 86.20482635498047, 24.842042922973633, 10.6554536819458, 19.457042694091797, 168.24972534179688, 104.22356414794922, 328.6694030761719, 237.05020141601562, 223.48663330078125, 180.87733459472656, 216.09707641601562, 179.3816375732422, 104.61797332763672, 97.50338745117188, 76.28861236572266, 77.09381103515625, 0.861612856388092, 0.7012304067611694, 8.464913368225098, 10.863633155822754, 1.185351014137268, 12604.7080078125, 3696.40234375, 125.60565185546875, 0.25980091094970703, 0.04086112603545189], "output_min": [2.418243408203125, 0.014613267034292221, 0.2964722514152527, 0.007781213149428368, 0.030689198523759842, 0.03388356417417526, 0.03087613545358181, 0.014472522772848606, 10.661079406738281, 27.167705535888672, 10.234389305114746, 13.9573392868042, 0.5077521800994873], "output_max": [57.012901306152344, 0.3580949008464813, 7.337188720703125, 0.1791796088218689, 0.5722630620002747, 0.8568767309188843, 0.548895537853241, 0.36081233620643616, 78.63259887695312, 193.41397094726562, 77.29549407958984, 110.80233001708984, 3.4936764240264893]}