{"input_min": [62.398155212402344, 40.768917083740234, 13.137968063354492, 8.354581832885742, 52.191566467285156, 10.775420188903809, 1.7263904809951782, 3.553560256958008, 80.89762115478516, 27.352725982666016, 102.97825622558594, 43.60884475708008, 36.416412353515625, 24.911264419555664, 56.21784210205078, 21.84559440612793, 42.414306640625, 47.40265655517578, 10.66267204284668, 24.029409408569336, 0.34255412220954895, 0.25557368993759155, 4.3499016761779785, 9.932937622070312, 1.030231237411499, 1971.5931396484375, 687.7916259765625, 63.079166412353516, 0.10379170626401901, 0.013723857700824738], "input_max": [97.78901672363281, 54.13506317138672, 30.963367462158203, 23.777652740478516, 73.96377563476562, 26.7813663482666, 6.73858118057251, 20.444425582885742, 164.66969299316406, 85.99860382080078, 313.5108642578125, 207.2058868408203, 258.0076599121094, 221.03790283203125, 218.84320068359375, 189.04701232910156, 112.41504669189453, 106.30497741699219, 85.02584838867188, 49.994869232177734, 0.7060773372650146, 0.6563581228256226, 7.151586532592773, 11.104499816894531, 1.2951854467391968, 14487.11328125, 2985.1259765625, 127.9505386352539, 0.19939422607421875, 0.028378751128911972], "output_min": [2.8798930644989014, 0.034807536751031876, 0.34982725977897644, 0.009976067580282688, 0.02950444631278515, 0.04134642705321312, 0.035387296229600906, 0.031044336035847664, 11.090835571289062, 37.02873229980469, 14.511134147644043, 18.269227981567383, 5.3860979080200195], "output_max": [46.51959991455078, 0.37313008308410645, 5.537749290466309, 0.1246475875377655, 0.45122602581977844, 0.8672981858253479, 0.7279056310653687, 0.3200940489768982, 77.9972915649414, 192.82635498046875, 72.4488754272461, 109.89892578125, 27.737869262695312]}