{"input_min": [78.21703338623047, 51.73780822753906, 17.55354881286621, 13.071017265319824, 66.07515716552734, 15.427509307861328, 2.078242778778076, 7.008913040161133, 145.293212890625, 88.2645263671875, 122.15367126464844, 61.294158935546875, 47.4307746887207, 26.23771858215332, 69.72297668457031, 29.63993263244629, 52.179405212402344, 57.020423889160156, 21.193056106567383, 40.08304214477539, 0.35913175344467163, 0.4667925536632538, 6.143024444580078, 9.908188819885254, 1.0185563564300537, 3183.184326171875, 913.8174438476562, 114.81770324707031, 0.1014060527086258, 0.018516870215535164], "input_max": [105.10604095458984, 63.08544921875, 18.306293487548828, 13.541386604309082, 83.97164154052734, 15.5520658493042, 2.528250217437744, 8.642269134521484, 160.25015258789062, 93.11380004882812, 126.9114990234375, 65.13324737548828, 270.8230285644531, 217.9016571044922, 101.3951187133789, 53.58236312866211, 71.9856185913086, 65.61734008789062, 52.92136764526367, 47.81275939941406, 0.4492078125476837, 0.517032265663147, 8.265223503112793, 10.344563484191895, 1.1248199939727783, 7423.34228515625, 1721.6968994140625, 117.72891235351562, 0.1596848964691162, 0.021098073571920395], "output_min": [6.731553554534912, 0.04183340445160866, 0.4780442714691162, 0.027997616678476334, 0.03987114876508713, 0.03558790683746338, 0.2318047732114792, 0.023132750764489174, 82.95785522460938, 32.136295318603516, 17.554468154907227, 18.079042434692383, 43.4140739440918], "output_max": [33.76845169067383, 0.3074241280555725, 5.467726707458496, 0.05089206621050835, 0.09520087391138077, 0.3928801715373993, 0.2621656358242035, 0.0376397930085659, 85.84695434570312, 58.42273712158203, 71.68881225585938, 27.659547805786133, 90.4073486328125]}