{"input_min": [107.93212127685547, 65.67211151123047, 13.064397811889648, 8.479366302490234, 88.1309814453125, 10.719240188598633, 2.971569299697876, 2.3820602893829346, 141.2561492919922, 72.26072692871094, 139.42123413085938, 75.10778045654297, 30.4078369140625, 16.951723098754883, 78.56304168701172, 43.27140426635742, 68.99542236328125, 60.682491302490234, 13.456113815307617, 35.29164123535156, 0.48844191431999207, 0.43524569272994995, 7.0001912117004395, 10.235550880432129, 0.9608105421066284, 8122.4970703125, 531.208251953125, 99.52674865722656, 0.14124812185764313, 0.021621311083436012], "input_max": [149.57815551757812, 111.69375610351562, 14.485236167907715, 11.101653099060059, 132.68975830078125, 12.937779426574707, 5.14306116104126, 6.211922645568848, 164.37850952148438, 80.78325653076172, 150.02371215820312, 78.7387466430664, 93.76578521728516, 39.06801223754883, 184.18450927734375, 134.11978149414062, 83.59525299072266, 74.91593170166016, 54.69777297973633, 50.064735412597656, 0.5085533857345581, 0.499360591173172, 8.319963455200195, 18.220458984375, 1.002069354057312, 9805.068359375, 1027.64453125, 101.45877075195312, 0.15164215862751007, 0.022601868957281113], "output_min": [7.091068744659424, 0.025237899273633957, 0.3350122272968292, 0.01180239673703909, 0.02993403933942318, 0.03845994919538498, 0.03716573119163513, 0.027228761464357376, 66.20487213134766, 37.06021499633789, 12.53277587890625, 21.29183006286621, 0.44649213552474976], "output_max": [21.511137008666992, 0.02906898409128189, 0.3372141718864441, 0.11494637280702591, 0.6989510655403137, 0.5939565300941467, 0.10240422934293747, 0.07737303525209427, 67.26156616210938, 46.94534683227539, 34.76736831665039, 35.85811996459961, 1.0602420568466187]}