{"input_min": [66.99885559082031, 38.99016189575195, 11.459341049194336, 7.859043598175049, 55.74614715576172, 9.623730659484863, 1.6067757606506348, 2.341067314147949, 66.5506591796875, 14.586821556091309, 86.6956558227539, 29.943206787109375, 25.181774139404297, 13.857826232910156, 53.507362365722656, 18.776884078979492, 46.1816291809082, 48.49050521850586, 9.96553897857666, 23.28745460510254, 0.3739232122898102, 0.22209720313549042, 4.682228088378906, 9.720414161682129, 0.9767777919769287, 2285.5068359375, 417.4969482421875, 63.283084869384766, 0.0990084707736969, 0.014105234295129776], "input_max": [110.5667724609375, 68.42295837402344, 29.70221710205078, 23.136701583862305, 90.84166717529297, 26.2998104095459, 10.735980033874512, 20.538339614868164, 166.88314819335938, 102.41471099853516, 330.6519775390625, 236.86019897460938, 232.81626892089844, 185.96803283691406, 216.28318786621094, 179.63858032226562, 105.06671142578125, 101.18940734863281, 79.15583801269531, 85.58597564697266, 0.8621388673782349, 0.7010075449943542, 8.779595375061035, 11.3517427444458, 1.2304977178573608, 13040.751953125, 3796.621826171875, 125.60565185546875, 0.25980091094970703, 0.04086112603545189], "output_min": [2.418243408203125, 0.014613267034292221, 0.2964722514152527, 0.007781213149428368, 0.030689198523759842, 0.03388356417417526, 0.03087613545358181, 0.014472522772848606, 10.661079406738281, 27.167705535888672, 10.234389305114746, 13.9573392868042, 21.714277267456055], "output_max": [57.012901306152344, 0.3580949008464813, 7.337188720703125, 0.1791796088218689, 0.5722630620002747, 0.8568767309188843, 0.548895537853241, 0.36081233620643616, 78.63259887695312, 193.41397094726562, 77.29549407958984, 110.80233001708984, 149.40882873535156]}