{"input_min": [67.78691864013672, 44.93617248535156, 13.827211380004883, 10.04276180267334, 57.05575942993164, 11.987713813781738, 2.9978747367858887, 6.138604164123535, 93.35941314697266, 21.235118865966797, 264.3750305175781, 211.17295837402344, 40.560062408447266, 24.379919052124023, 86.69969177246094, 35.08818435668945, 43.857215881347656, 53.20207595825195, 16.180145263671875, 29.722492218017578, 0.4697674810886383, 0.20123714208602905, 5.071362018585205, 10.013986587524414, 1.0407655239105225, 2511.771240234375, 671.6156005859375, 68.22388458251953, 0.12630191445350647, 0.01934119500219822], "input_max": [101.69708251953125, 48.0709342956543, 18.943681716918945, 11.652982711791992, 74.22590637207031, 14.769007682800293, 3.1132609844207764, 7.3661932945251465, 125.4926528930664, 49.502197265625, 315.9866638183594, 215.66448974609375, 125.93749237060547, 100.38799285888672, 218.93359375, 189.2111053466797, 104.25753784179688, 100.32218170166016, 25.54949951171875, 51.61150360107422, 0.8307859897613525, 0.3174886405467987, 7.112854480743408, 10.636689186096191, 1.1533607244491577, 8994.9482421875, 2263.6044921875, 115.63346862792969, 0.19266536831855774, 0.0263851098716259], "output_min": [7.969993591308594, 0.029933346435427666, 0.5576276779174805, 0.030289942398667336, 0.036768343299627304, 0.10103124380111694, 0.048899874091148376, 0.021014614030718803, 12.519371032714844, 189.3728790283203, 18.575525283813477, 26.32987403869629, 16.04723358154297], "output_max": [9.264294624328613, 0.12309359014034271, 2.616248607635498, 0.05525261536240578, 0.047756128013134, 0.5631345510482788, 0.3967796266078949, 0.06232471019029617, 41.95196533203125, 209.88230895996094, 52.71925735473633, 96.48690795898438, 24.640817642211914]}