{"input_min": [92.76940155029297, 52.12230682373047, 13.360137939453125, 8.834949493408203, 71.28131103515625, 10.873778343200684, 4.273963928222656, 4.702330589294434, 98.7603530883789, 30.021854400634766, 168.0355987548828, 74.00971984863281, 78.81361389160156, 58.67361068725586, 43.502445220947266, 18.631479263305664, 68.7385025024414, 60.977012634277344, 20.140003204345703, 24.87096405029297, 0.5471828579902649, 0.31409233808517456, 6.168826103210449, 8.554163932800293, 1.000425100326538, 6205.44482421875, 961.8751220703125, 89.74339294433594, 0.13492049276828766, 0.024247702211141586], "input_max": [96.834228515625, 52.918861389160156, 25.377147674560547, 18.57071876525879, 75.9483871459961, 21.818099975585938, 5.457382678985596, 12.634594917297363, 158.59219360351562, 71.81326293945312, 194.13720703125, 133.1602020263672, 194.7232208251953, 121.2896728515625, 176.79537963867188, 133.77847290039062, 86.77893829345703, 94.02588653564453, 73.43355560302734, 43.016910552978516, 0.6960130929946899, 0.5595592856407166, 8.240548133850098, 10.862252235412598, 1.114428997039795, 6211.8125, 2450.75244140625, 94.9602279663086, 0.1918095052242279, 0.02735319547355175], "output_min": [6.4339141845703125, 0.02069868892431259, 1.094721794128418, 0.010960963554680347, 0.16979943215847015, 0.06683912128210068, 0.0647970661520958, 0.12541738152503967, 28.50421142578125, 52.941650390625, 22.603660583496094, 16.017074584960938, 0.12470170110464096], "output_max": [41.34761047363281, 0.24896204471588135, 2.7886860370635986, 0.031670942902565, 0.17044061422348022, 0.3377089500427246, 0.13932926952838898, 0.3889135718345642, 59.2321891784668, 129.0898895263672, 54.019927978515625, 108.52387237548828, 0.30417484045028687]}