{"input_min": [94.028564453125, 55.62980651855469, 13.125458717346191, 8.510616302490234, 74.89763641357422, 10.765443801879883, 2.984203815460205, 2.3848726749420166, 138.4545135498047, 69.74817657470703, 144.46719360351562, 75.27922821044922, 29.993181228637695, 16.75557518005371, 78.80513763427734, 43.36602783203125, 68.70634460449219, 64.23600006103516, 13.2376070022583, 35.439109802246094, 0.4962376356124878, 0.44464072585105896, 6.970860958099365, 9.846185684204102, 1.004518747329712, 6106.0751953125, 585.3358154296875, 99.52674865722656, 0.14124812185764313, 0.021621311083436012], "input_max": [105.15830993652344, 62.78187561035156, 15.198453903198242, 11.494139671325684, 85.12966918945312, 13.410782814025879, 5.424679756164551, 6.236390590667725, 164.18125915527344, 80.3558349609375, 150.5216522216797, 80.23119354248047, 93.89566040039062, 39.064754486083984, 192.27601623535156, 139.4442596435547, 83.82542419433594, 75.24242401123047, 54.830909729003906, 52.831764221191406, 0.5105663537979126, 0.4998777210712433, 8.34287166595459, 9.966195106506348, 1.029197335243225, 7917.89111328125, 1036.460205078125, 101.45877075195312, 0.15164215862751007, 0.022601868957281113], "output_min": [7.091068744659424, 0.025237899273633957, 0.3350122272968292, 0.01180239673703909, 0.02993403933942318, 0.03845994919538498, 0.03716573119163513, 0.027228761464357376, 66.20487213134766, 37.06021499633789, 12.53277587890625, 21.29183006286621, 17.00922393798828], "output_max": [21.511137008666992, 0.02906898409128189, 0.3372141718864441, 0.11494637280702591, 0.6989510655403137, 0.5939565300941467, 0.10240422934293747, 0.07737303525209427, 67.26156616210938, 46.94534683227539, 34.76736831665039, 35.85811996459961, 40.390174865722656]}