{"input_min": [59.85385513305664, 39.25197219848633, 12.875703811645508, 8.160115242004395, 50.13447570800781, 10.447099685668945, 1.586151123046875, 3.4663283824920654, 81.46932220458984, 27.686880111694336, 99.1438217163086, 43.07122039794922, 38.75399398803711, 26.015060424804688, 57.36116027832031, 21.85536003112793, 40.854698181152344, 43.726341247558594, 9.185744285583496, 22.773414611816406, 0.3283240795135498, 0.24646614491939545, 4.189952373504639, 9.946167945861816, 1.0289701223373413, 1834.0069580078125, 596.5833129882812, 63.079166412353516, 0.10379170626401901, 0.013723857700824738], "input_max": [98.12931823730469, 54.08977508544922, 28.257600784301758, 21.911489486694336, 73.65214538574219, 24.561582565307617, 6.944570541381836, 18.7230281829834, 161.16236877441406, 85.49195861816406, 313.96783447265625, 207.2655029296875, 248.5744171142578, 214.83135986328125, 210.54261779785156, 183.04942321777344, 112.80414581298828, 106.70234680175781, 85.48346710205078, 50.19853210449219, 0.7063905596733093, 0.6410128474235535, 7.115591049194336, 11.088006973266602, 1.2778562307357788, 13610.3876953125, 2519.1494140625, 127.9505386352539, 0.19939422607421875, 0.028378751128911972], "output_min": [2.8798930644989014, 0.034807536751031876, 0.34982725977897644, 0.009976067580282688, 0.02950444631278515, 0.04134642705321312, 0.035387296229600906, 0.031044336035847664, 11.090835571289062, 37.02873229980469, 14.511134147644043, 18.269227981567383, 20.197866439819336], "output_max": [46.51959991455078, 0.37313008308410645, 5.537749290466309, 0.1246475875377655, 0.45122602581977844, 0.8672981858253479, 0.7279056310653687, 0.3200940489768982, 77.9972915649414, 192.82635498046875, 72.4488754272461, 109.89892578125, 104.01700592041016]}