{"input_min": [46.71348571777344, 22.603044509887695, 9.302202224731445, 6.387262344360352, 40.25103759765625, 8.155777931213379, 1.1317003965377808, 1.6030415296554565, 45.917545318603516, 11.36268138885498, 72.9566421508789, 26.198917388916016, 23.145170211791992, 12.623292922973633, 41.64714813232422, 15.796611785888672, 28.24723243713379, 30.607755661010742, 8.228710174560547, 12.585349082946777, 0.21325364708900452, 0.12705476582050323, 2.5883891582489014, 9.48487663269043, 0.9408973455429077, 955.855224609375, 73.8449478149414, 60.9023323059082, 0.08538384735584259, 0.013580734841525555], "input_max": [221.73753356933594, 84.70095825195312, 33.94264602661133, 27.63325309753418, 94.52245330810547, 30.78819465637207, 14.644307136535645, 26.001554489135742, 239.91595458984375, 130.5978240966797, 355.1014709472656, 269.25286865234375, 433.01715087890625, 356.33697509765625, 406.5394287109375, 364.3886413574219, 127.30353546142578, 118.81891632080078, 171.78196716308594, 98.98560333251953, 0.9110625386238098, 0.7929202318191528, 9.527205467224121, 12.775762557983398, 1.456431269645691, 37443.69921875, 7317.8857421875, 130.4999542236328, 0.31082695722579956, 0.04244813323020935], "output_min": [2.4062604904174805, 0.014439127407968044, 0.2936992645263672, 0.007217073813080788, 0.02887922339141369, 0.0325273759663105, 0.028873350471258163, 0.014434902928769588, 10.459521293640137, 24.400318145751953, 10.111483573913574, 13.82819938659668, 0.4677395820617676], "output_max": [64.94386291503906, 0.38958740234375, 7.922666072845459, 0.1947772353887558, 0.7791982889175415, 0.878130316734314, 0.7792386412620544, 0.38936424255371094, 94.12479400634766, 219.5526885986328, 90.96434783935547, 124.4381332397461, 4.208996772766113]}