{"input_min": [62.67171859741211, 34.15018081665039, 11.585942268371582, 6.625858306884766, 48.78900146484375, 9.269123077392578, 1.7212762832641602, 2.3377957344055176, 68.1223373413086, 14.493502616882324, 86.40476989746094, 29.962507247924805, 22.99962043762207, 13.959090232849121, 55.118534088134766, 18.801300048828125, 48.37302017211914, 48.86030197143555, 7.60490083694458, 23.303680419921875, 0.38391369581222534, 0.22531789541244507, 4.1274213790893555, 9.721823692321777, 0.6686494946479797, 2376.695556640625, 460.61962890625, 63.283084869384766, 0.0990084707736969, 0.014105234295129776], "input_max": [109.5387191772461, 66.48882293701172, 29.23511505126953, 23.560840606689453, 88.4520034790039, 26.304515838623047, 10.700057029724121, 18.008026123046875, 169.00978088378906, 103.64677429199219, 328.8738708496094, 236.6101531982422, 214.0691375732422, 174.28887939453125, 215.9992218017578, 181.65939331054688, 100.1684799194336, 96.19597625732422, 68.85360717773438, 74.76190948486328, 0.8595681190490723, 0.7015266418457031, 8.583888053894043, 11.260994911193848, 2.0100901126861572, 12334.0966796875, 3742.17333984375, 125.60565185546875, 0.25980091094970703, 0.04086112603545189], "output_min": [2.418243408203125, 0.014613267034292221, 0.2964722514152527, 0.007781213149428368, 0.030689198523759842, 0.03388356417417526, 0.03087613545358181, 0.014472522772848606, 10.661079406738281, 27.167705535888672, 10.234389305114746, 13.9573392868042, 0.01266666129231453], "output_max": [57.012901306152344, 0.3580949008464813, 7.337188720703125, 0.1791796088218689, 0.5722630620002747, 0.8568767309188843, 0.548895537853241, 0.36081233620643616, 78.63259887695312, 193.41397094726562, 77.29549407958984, 110.80233001708984, 0.08715514838695526]}