{"input_min": [45.51762008666992, 29.235685348510742, 9.451589584350586, 6.350556373596191, 38.13160705566406, 8.300690650939941, 1.1294108629226685, 1.592002511024475, 44.36952590942383, 11.317559242248535, 71.77156829833984, 26.178985595703125, 23.378061294555664, 12.586187362670898, 41.691429138183594, 15.789438247680664, 27.030603408813477, 30.08049774169922, 7.8278326988220215, 12.800261497497559, 0.21408213675022125, 0.12631839513778687, 2.5971062183380127, 9.229618072509766, 0.8972867727279663, 889.1177368164062, 70.53192901611328, 60.9023323059082, 0.08538384735584259, 0.013580734841525555], "input_max": [131.58949279785156, 76.60639190673828, 38.90494918823242, 32.02921676635742, 101.61798858642578, 35.84349822998047, 14.361261367797852, 30.24335289001465, 232.40684509277344, 130.327880859375, 358.0390930175781, 269.7437744140625, 411.1917419433594, 335.44488525390625, 404.9434509277344, 362.8179931640625, 135.26419067382812, 123.01113891601562, 172.62721252441406, 98.52007293701172, 0.9114053845405579, 0.7954689264297485, 10.359352111816406, 13.682260513305664, 1.514580249786377, 28704.484375, 7318.8857421875, 130.4999542236328, 0.31082695722579956, 0.04244813323020935], "output_min": [2.4062604904174805, 0.014439127407968044, 0.2936992645263672, 0.007217073813080788, 0.02887922339141369, 0.0325273759663105, 0.028873350471258163, 0.014434902928769588, 10.459521293640137, 24.400318145751953, 10.111483573913574, 13.82819938659668, 5.334164619445801], "output_max": [64.94386291503906, 0.38958740234375, 7.922666072845459, 0.1947772353887558, 0.7791982889175415, 0.878130316734314, 0.7792386412620544, 0.38936424255371094, 94.12479400634766, 219.5526885986328, 90.96434783935547, 124.4381332397461, 47.99996566772461]}