{"input_min": [67.77392578125, 44.926116943359375, 13.833081245422363, 10.047865867614746, 57.04380798339844, 11.993942260742188, 2.988614320755005, 6.137266635894775, 93.34883880615234, 21.163118362426758, 264.37982177734375, 211.18338012695312, 40.90509796142578, 24.486492156982422, 86.52948760986328, 35.066184997558594, 43.84836196899414, 53.196441650390625, 16.418603897094727, 29.722471237182617, 0.4697258472442627, 0.20121218264102936, 5.070338249206543, 9.993037223815918, 1.155085802078247, 2510.605712890625, 671.7679443359375, 68.22388458251953, 0.12630191445350647, 0.01934119500219822], "input_max": [100.9287109375, 47.59859848022461, 20.30307960510254, 12.986833572387695, 73.60906982421875, 16.529043197631836, 3.1133615970611572, 7.289082050323486, 124.748046875, 49.5004768371582, 315.8996276855469, 216.45677185058594, 125.92471313476562, 100.37506866455078, 218.9365692138672, 189.21409606933594, 103.58493041992188, 99.44286346435547, 25.549638748168945, 51.46330261230469, 0.8303530812263489, 0.31479257345199585, 7.066966533660889, 10.636459350585938, 1.3074862957000732, 8856.0537109375, 2361.8828125, 115.63346862792969, 0.19266536831855774, 0.0263851098716259], "output_min": [7.969993591308594, 0.029933346435427666, 0.5576276779174805, 0.030289942398667336, 0.036768343299627304, 0.10103124380111694, 0.048899874091148376, 0.021014614030718803, 12.519371032714844, 189.3728790283203, 18.575525283813477, 26.32987403869629, 0.03209446743130684], "output_max": [9.264294624328613, 0.12309359014034271, 2.616248607635498, 0.05525261536240578, 0.047756128013134, 0.5631345510482788, 0.3967796266078949, 0.06232471019029617, 41.95196533203125, 209.88230895996094, 52.71925735473633, 96.48690795898438, 0.049281634390354156]}