{"input_min": [71.84078216552734, 38.65343475341797, 14.35270881652832, 8.163147926330566, 55.285858154296875, 11.827375411987305, 2.0058484077453613, 4.039175033569336, 66.51516723632812, 15.269914627075195, 100.40215301513672, 37.178611755371094, 36.59304428100586, 21.961668014526367, 45.340782165527344, 17.189346313476562, 51.2452507019043, 56.303035736083984, 14.631378173828125, 27.117374420166016, 0.48927509784698486, 0.2548859715461731, 4.640927791595459, 9.860503196716309, 0.9989758729934692, 2886.322509765625, 799.394287109375, 70.45848846435547, 0.10537602752447128, 0.01748146116733551], "input_max": [106.51171112060547, 64.76335144042969, 26.642480850219727, 20.14348602294922, 83.18916320800781, 23.0020694732666, 5.597436904907227, 17.590959548950195, 136.30711364746094, 68.75914001464844, 256.3370056152344, 191.00030517578125, 103.29469299316406, 83.68528747558594, 210.66680908203125, 167.4607391357422, 90.19186401367188, 86.33878326416016, 44.17356491088867, 51.766353607177734, 0.7901188731193542, 0.6486380696296692, 8.112845420837402, 10.989502906799316, 1.165954351425171, 8119.8857421875, 2070.0146484375, 129.52174377441406, 0.26572802662849426, 0.03218604624271393], "output_min": [3.5480101108551025, 0.021152960136532784, 0.4433404803276062, 0.012066282331943512, 0.036355163902044296, 0.13006268441677094, 0.03360278159379959, 0.018533503636717796, 11.32674503326416, 32.28593444824219, 12.785971641540527, 15.229089736938477, 3.4252240657806396], "output_max": [47.100196838378906, 0.3732028007507324, 6.826391220092773, 0.12406808882951736, 0.49304014444351196, 0.6733153462409973, 0.6841849088668823, 0.363227903842926, 51.4588508605957, 186.8941192626953, 61.26939010620117, 87.82845306396484, 28.669719696044922]}