{"input_min": [91.90583038330078, 49.690792083740234, 17.25594711303711, 13.066248893737793, 69.54781341552734, 15.344191551208496, 2.090806484222412, 6.954764366149902, 146.1126251220703, 87.87480163574219, 118.9451904296875, 61.29645919799805, 47.229007720947266, 26.17758560180664, 70.0097427368164, 29.71387481689453, 50.94898223876953, 54.256072998046875, 21.051424026489258, 40.295867919921875, 0.34869664907455444, 0.45614346861839294, 5.998167991638184, 8.205896377563477, 1.032235026359558, 3763.2197265625, 856.2720947265625, 114.81770324707031, 0.1014060527086258, 0.018516870215535164], "input_max": [92.1159896850586, 65.81256103515625, 18.34400177001953, 13.433175086975098, 80.5731430053711, 15.4403076171875, 2.4239184856414795, 8.739741325378418, 159.47137451171875, 95.16364288330078, 127.31163024902344, 64.68911743164062, 273.453369140625, 219.48989868164062, 98.30524444580078, 52.57630920410156, 71.59656524658203, 66.01516723632812, 53.963478088378906, 45.72893524169922, 0.44896188378334045, 0.5185320973396301, 8.220553398132324, 13.028848648071289, 1.1010780334472656, 6478.673828125, 1738.7440185546875, 117.72891235351562, 0.1596848964691162, 0.021098073571920395], "output_min": [6.731553554534912, 0.04183340445160866, 0.4780442714691162, 0.027997616678476334, 0.03987114876508713, 0.03558790683746338, 0.2318047732114792, 0.023132750764489174, 82.95785522460938, 32.136295318603516, 17.554468154907227, 18.079042434692383, 0.30389854311943054], "output_max": [33.76845169067383, 0.3074241280555725, 5.467726707458496, 0.05089206621050835, 0.09520087391138077, 0.3928801715373993, 0.2621656358242035, 0.0376397930085659, 85.84695434570312, 58.42273712158203, 71.68881225585938, 27.659547805786133, 0.6328514218330383]}