{"input_min": [67.794921875, 44.93879318237305, 13.828889846801758, 10.043216705322266, 57.06096267700195, 11.988901138305664, 3.0279908180236816, 6.1390790939331055, 93.36485290527344, 21.337736129760742, 264.3874816894531, 211.17454528808594, 41.80998229980469, 24.642885208129883, 87.29913330078125, 35.177001953125, 43.86213684082031, 53.212947845458984, 17.167097091674805, 29.73332977294922, 0.46979281306266785, 0.2012687772512436, 5.0719313621521, 9.995609283447266, 1.0384533405303955, 2512.138671875, 671.7962036132812, 68.22388458251953, 0.12630191445350647, 0.01934119500219822], "input_max": [102.94977569580078, 48.5379638671875, 19.000097274780273, 11.706910133361816, 75.0762710571289, 14.99732494354248, 3.1137781143188477, 7.512159824371338, 126.98978424072266, 49.502716064453125, 316.9530029296875, 215.75018310546875, 125.94637298583984, 100.38961791992188, 218.95758056640625, 189.22425842285156, 105.65204620361328, 101.20282745361328, 25.55675506591797, 52.12213134765625, 0.8319728374481201, 0.3192991614341736, 7.207993507385254, 10.636419296264648, 1.1533716917037964, 9208.685546875, 2299.18212890625, 115.63346862792969, 0.19266536831855774, 0.0263851098716259], "output_min": [7.969993591308594, 0.029933346435427666, 0.5576276779174805, 0.030289942398667336, 0.036768343299627304, 0.10103124380111694, 0.048899874091148376, 0.021014614030718803, 12.519371032714844, 189.3728790283203, 18.575525283813477, 26.32987403869629, 60.177127838134766], "output_max": [9.264294624328613, 0.12309359014034271, 2.616248607635498, 0.05525261536240578, 0.047756128013134, 0.5631345510482788, 0.3967796266078949, 0.06232471019029617, 41.95196533203125, 209.88230895996094, 52.71925735473633, 96.48690795898438, 92.40306854248047]}