{"input_min": [95.11624908447266, 54.828311920166016, 14.145423889160156, 9.026030540466309, 77.39591979980469, 11.291438102722168, 2.731445074081421, 3.4881160259246826, 81.449951171875, 17.69002342224121, 131.950927734375, 49.45231246948242, 58.83250427246094, 25.124666213989258, 82.51243591308594, 44.89196014404297, 63.759925842285156, 61.17144012451172, 33.70783615112305, 28.083560943603516, 0.6278514862060547, 0.23843523859977722, 7.49580717086792, 9.886798858642578, 1.0160106420516968, 5821.98046875, 1406.1756591796875, 82.86194610595703, 0.1014060527086258, 0.021098073571920395], "input_max": [102.0476303100586, 58.93714904785156, 16.67823028564453, 10.231062889099121, 78.57320404052734, 12.867828369140625, 4.463667869567871, 5.252008438110352, 144.08087158203125, 53.619476318359375, 256.5536804199219, 195.3822479248047, 144.3824005126953, 90.90058135986328, 138.00563049316406, 109.92205810546875, 90.46139526367188, 82.49861907958984, 53.48181915283203, 37.6204719543457, 0.7828111052513123, 0.6252219676971436, 7.506386756896973, 9.946792602539062, 1.039557695388794, 8074.83349609375, 1820.1942138671875, 117.72891235351562, 0.20777860283851624, 0.030614741146564484], "output_min": [10.384824752807617, 0.040389321744441986, 4.122452259063721, 0.011747484095394611, 0.2035682648420334, 0.10725965350866318, 0.0315869003534317, 0.1159023866057396, 14.324163436889648, 46.2213249206543, 13.315113067626953, 33.11233901977539], "output_max": [23.120046615600586, 0.046161532402038574, 6.255056381225586, 0.02091670222580433, 0.537456750869751, 0.1261759251356125, 0.03987114876508713, 0.17435510456562042, 45.528316497802734, 193.5013427734375, 82.96605682373047, 98.06414794921875]}