{"input_min": [73.54118347167969, 49.20619201660156, 8.740814208984375, 6.77491569519043, 61.2934684753418, 7.837256908416748, 2.84720516204834, 2.286616086959839, 112.46302795410156, 69.01351165771484, 98.93800354003906, 65.77066802978516, 23.474136352539062, 15.143880844116211, 76.1731948852539, 42.35544967651367, 43.44951248168945, 33.167335510253906, 8.330256462097168, 27.202577590942383, 0.386344850063324, 0.33523353934288025, 4.408334255218506, 10.032024383544922, 0.9234477281570435, 2960.051025390625, 177.1837921142578, 99.52674865722656, 0.14124812185764313, 0.021621311083436012], "input_max": [102.39051818847656, 61.716529846191406, 12.547340393066406, 8.145136833190918, 83.16059112548828, 10.295464515686035, 2.8489978313446045, 3.7663910388946533, 160.46295166015625, 80.02526092529297, 145.40089416503906, 73.57356262207031, 91.4183120727539, 38.89225769042969, 117.94898986816406, 90.74641418457031, 80.43769073486328, 71.82733154296875, 52.52605438232422, 33.817745208740234, 0.5012851357460022, 0.4939951002597809, 8.005701065063477, 13.257722854614258, 1.0003931522369385, 7398.52294921875, 945.486328125, 101.45877075195312, 0.15164215862751007, 0.022601868957281113], "output_min": [7.091068744659424, 0.025237899273633957, 0.3350122272968292, 0.01180239673703909, 0.02993403933942318, 0.03845994919538498, 0.03716573119163513, 0.027228761464357376, 66.20487213134766, 37.06021499633789, 12.53277587890625, 21.29183006286621, 0.24238143861293793], "output_max": [21.511137008666992, 0.02906898409128189, 0.3372141718864441, 0.11494637280702591, 0.6989510655403137, 0.5939565300941467, 0.10240422934293747, 0.07737303525209427, 67.26156616210938, 46.94534683227539, 34.76736831665039, 35.85811996459961, 0.5755599737167358]}