{"input_min": [63.4018440246582, 40.26282501220703, 8.941061019897461, 6.393024921417236, 51.80864715576172, 7.842081546783447, 1.2889271974563599, 3.3548994064331055, 63.487030029296875, 15.306708335876465, 89.59383392333984, 38.39750671386719, 28.096435546875, 19.008678436279297, 41.07121276855469, 17.456228256225586, 41.518035888671875, 35.21050262451172, 9.087757110595703, 19.71139144897461, 0.5205886363983154, 0.21939975023269653, 3.2616682052612305, 7.6556220054626465, 0.9615514874458313, 2280.819580078125, 314.4129638671875, 70.45848846435547, 0.10537602752447128, 0.01748146116733551], "input_max": [139.3679656982422, 81.05636596679688, 28.774337768554688, 21.901350021362305, 111.95183563232422, 24.947011947631836, 10.184198379516602, 19.01261329650879, 158.98745727539062, 70.20223236083984, 265.140625, 191.34625244140625, 122.86376190185547, 79.77669525146484, 302.4714050292969, 215.94485473632812, 114.7524185180664, 117.05789184570312, 53.909400939941406, 86.52654266357422, 0.8146291375160217, 0.7401317358016968, 13.190722465515137, 15.299154281616211, 1.181579828262329, 15491.0185546875, 3503.964111328125, 129.52174377441406, 0.26572802662849426, 0.03218604624271393], "output_min": [3.5480101108551025, 0.021152960136532784, 0.4433404803276062, 0.012066282331943512, 0.036355163902044296, 0.13006268441677094, 0.03360278159379959, 0.018533503636717796, 11.32674503326416, 32.28593444824219, 12.785971641540527, 15.229089736938477, 0.07809510827064514], "output_max": [47.100196838378906, 0.3732028007507324, 6.826391220092773, 0.12406808882951736, 0.49304014444351196, 0.6733153462409973, 0.6841849088668823, 0.363227903842926, 51.4588508605957, 186.8941192626953, 61.26939010620117, 87.82845306396484, 0.6536695957183838]}