{"input_min": [70.7762222290039, 43.85192108154297, 12.93642807006836, 8.04202651977539, 59.888553619384766, 10.564308166503906, 2.041137456893921, 2.4375839233398438, 72.87605285644531, 14.293741226196289, 126.32701873779297, 62.48219680786133, 65.80278015136719, 24.082582473754883, 69.6385269165039, 46.26808166503906, 42.14762878417969, 46.77815628051758, 11.827437400817871, 23.370447158813477, 0.43172594904899597, 0.21455863118171692, 5.022362232208252, 9.876687049865723, 1.00893235206604, 2452.007568359375, 933.994384765625, 74.82501220703125, 0.11926110833883286, 0.017262671142816544], "input_max": [107.73577880859375, 62.35310745239258, 20.63900375366211, 16.718563079833984, 85.36461639404297, 18.64546775817871, 7.509047031402588, 13.162652015686035, 175.13002014160156, 95.22879791259766, 290.8551330566406, 216.734619140625, 165.0021514892578, 123.43511962890625, 172.67056274414062, 131.1575164794922, 89.97463989257812, 84.2052001953125, 53.67672348022461, 41.513057708740234, 0.8421963453292847, 0.5053932070732117, 8.41162109375, 10.4292573928833, 1.0916805267333984, 8346.994140625, 1469.2412109375, 119.16120147705078, 0.2143501341342926, 0.034113094210624695], "output_min": [3.6534295082092285, 0.0153342355042696, 0.32729780673980713, 0.008725476451218128, 0.045681361109018326, 0.03325936570763588, 0.029296966269612312, 0.017693648114800453, 10.61262321472168, 37.23569869995117, 11.862283706665039, 19.19240379333496], "output_max": [38.75324630737305, 0.27695393562316895, 6.629789352416992, 0.11791937798261642, 0.3302769064903259, 0.7437070608139038, 0.544339656829834, 0.279117614030838, 93.35689544677734, 214.68795776367188, 69.46898651123047, 118.90010833740234]}