{"input_min": [44.1144905090332, 30.63150978088379, 5.068129539489746, 3.101297616958618, 38.46398162841797, 4.186552047729492, 0.5432372093200684, 0.8896390795707703, 39.758975982666016, 11.230525016784668, 51.18144226074219, 25.66025733947754, 20.655811309814453, 11.743499755859375, 30.059947967529297, 15.37251091003418, 17.896188735961914, 17.707056045532227, 5.197939395904541, 8.484000205993652, 0.1710515171289444, 0.09344007819890976, 1.8145043849945068, 7.574129581451416, 0.7691242694854736, 626.992919921875, 25.186983108520508, 60.9023323059082, 0.08538384735584259, 0.013580734841525555], "input_max": [203.34219360351562, 98.58987426757812, 51.161319732666016, 41.25596237182617, 139.52642822265625, 46.143497467041016, 19.00973892211914, 38.19575500488281, 346.162109375, 136.28077697753906, 432.264892578125, 306.760498046875, 522.951171875, 427.8577575683594, 524.4926147460938, 476.0751037597656, 233.36248779296875, 222.24313354492188, 259.94635009765625, 175.78045654296875, 0.9372953772544861, 0.8465299010276794, 17.53997230529785, 19.65337371826172, 1.503659963607788, 73629.6875, 22796.642578125, 130.4999542236328, 0.31082695722579956, 0.04244813323020935], "output_min": [2.4062604904174805, 0.014439127407968044, 0.2936992645263672, 0.007217073813080788, 0.02887922339141369, 0.0325273759663105, 0.028873350471258163, 0.014434902928769588, 10.459521293640137, 24.400318145751953, 10.111483573913574, 13.82819938659668, 0.07601185142993927], "output_max": [64.94386291503906, 0.38958740234375, 7.922666072845459, 0.1947772353887558, 0.7791982889175415, 0.878130316734314, 0.7792386412620544, 0.38936424255371094, 94.12479400634766, 219.5526885986328, 90.96434783935547, 124.4381332397461, 0.6839995384216309]}