{"input_min": [74.27135467529297, 49.16926193237305, 17.047698974609375, 11.709439277648926, 62.75564193725586, 14.113261222839355, 2.0972535610198975, 6.7783308029174805, 142.04470825195312, 88.31036376953125, 121.22383117675781, 61.05159378051758, 44.84104537963867, 26.320152282714844, 70.16957092285156, 29.7409610748291, 49.44438552856445, 54.4848518371582, 18.520893096923828, 40.42860794067383, 0.3480903208255768, 0.4494566023349762, 5.821033954620361, 9.879776000976562, 0.8641504645347595, 2863.087646484375, 913.5100708007812, 114.81770324707031, 0.1014060527086258, 0.018516870215535164], "input_max": [107.8023910522461, 64.47644805908203, 18.336788177490234, 14.547552108764648, 85.95703887939453, 16.448604583740234, 2.463214635848999, 8.18012523651123, 162.23646545410156, 92.6003189086914, 127.40345001220703, 66.73898315429688, 257.62933349609375, 213.52267456054688, 99.08965301513672, 53.120399475097656, 73.92610168457031, 66.35185241699219, 44.106651306152344, 45.96925354003906, 0.4556688368320465, 0.5208010673522949, 8.488025665283203, 10.357684135437012, 1.420448660850525, 7814.96923828125, 1672.670654296875, 117.72891235351562, 0.1596848964691162, 0.021098073571920395], "output_min": [6.731553554534912, 0.04183340445160866, 0.4780442714691162, 0.027997616678476334, 0.03987114876508713, 0.03558790683746338, 0.2318047732114792, 0.023132750764489174, 82.95785522460938, 32.136295318603516, 17.554468154907227, 18.079042434692383, 0.025324877351522446], "output_max": [33.76845169067383, 0.3074241280555725, 5.467726707458496, 0.05089206621050835, 0.09520087391138077, 0.3928801715373993, 0.2621656358242035, 0.0376397930085659, 85.84695434570312, 58.42273712158203, 71.68881225585938, 27.659547805786133, 0.05273761972784996]}