{"input_min": [71.16202545166016, 37.811370849609375, 11.698909759521484, 7.329770088195801, 54.10329055786133, 9.392308235168457, 2.015669345855713, 4.020105361938477, 66.30198669433594, 15.264803886413574, 101.62161254882812, 36.416683197021484, 33.518978118896484, 21.35980987548828, 45.29595947265625, 17.188426971435547, 51.03717803955078, 57.892051696777344, 11.625350952148438, 27.629383087158203, 0.4983424246311188, 0.255087286233902, 4.596902370452881, 9.845867156982422, 0.6498906016349792, 2880.47021484375, 723.8575439453125, 70.45848846435547, 0.10537602752447128, 0.01748146116733551], "input_max": [104.39273834228516, 67.92634582519531, 30.108186721801758, 24.589412689208984, 87.08735656738281, 27.339866638183594, 5.698280334472656, 17.417203903198242, 137.78402709960938, 69.12040710449219, 258.2574462890625, 190.8785400390625, 112.10042572021484, 84.47333526611328, 210.80555725097656, 169.55238342285156, 82.71566009521484, 82.19912719726562, 44.192344665527344, 52.11494445800781, 0.7874154448509216, 0.641644299030304, 8.419682502746582, 11.019146919250488, 2.1702120304107666, 7353.794921875, 2374.385498046875, 129.52174377441406, 0.26572802662849426, 0.03218604624271393], "output_min": [3.5480101108551025, 0.021152960136532784, 0.4433404803276062, 0.012066282331943512, 0.036355163902044296, 0.13006268441677094, 0.03360278159379959, 0.018533503636717796, 11.32674503326416, 32.28593444824219, 12.785971641540527, 15.229089736938477, 0.011988284066319466], "output_max": [47.100196838378906, 0.3732028007507324, 6.826391220092773, 0.12406808882951736, 0.49304014444351196, 0.6733153462409973, 0.6841849088668823, 0.363227903842926, 51.4588508605957, 186.8941192626953, 61.26939010620117, 87.82845306396484, 0.10034402459859848]}