{"input_min": [86.61862182617188, 51.608516693115234, 13.310975074768066, 8.689728736877441, 69.12255859375, 10.966595649719238, 2.984038829803467, 2.372678279876709, 131.75889587402344, 69.46127319335938, 149.88894653320312, 75.89970397949219, 28.594074249267578, 16.463499069213867, 78.74677276611328, 43.38543701171875, 62.29761505126953, 61.64768981933594, 12.130576133728027, 35.361331939697266, 0.47281524538993835, 0.4112890958786011, 6.320639133453369, 9.853616714477539, 1.036313772201538, 5050.18212890625, 709.5829467773438, 99.52674865722656, 0.14124812185764313, 0.021621311083436012], "input_max": [104.58775329589844, 62.483821868896484, 18.712352752685547, 14.79648208618164, 84.6978759765625, 16.9776611328125, 5.63599157333374, 5.548429012298584, 163.6147003173828, 80.2926254272461, 150.9084930419922, 88.24126434326172, 93.56786346435547, 39.047760009765625, 197.73532104492188, 144.41624450683594, 83.32208251953125, 75.00878143310547, 54.520103454589844, 53.31906509399414, 0.5092579126358032, 0.49704810976982117, 8.29277515411377, 10.044326782226562, 1.8082398176193237, 7832.55029296875, 1045.5091552734375, 101.45877075195312, 0.15164215862751007, 0.022601868957281113], "output_min": [7.091068744659424, 0.025237899273633957, 0.3350122272968292, 0.01180239673703909, 0.02993403933942318, 0.03845994919538498, 0.03716573119163513, 0.027228761464357376, 66.20487213134766, 37.06021499633789, 12.53277587890625, 21.29183006286621, 0.03401844948530197], "output_max": [21.511137008666992, 0.02906898409128189, 0.3372141718864441, 0.11494637280702591, 0.6989510655403137, 0.5939565300941467, 0.10240422934293747, 0.07737303525209427, 67.26156616210938, 46.94534683227539, 34.76736831665039, 35.85811996459961, 0.08078034967184067]}