{"input_min": [92.55815124511719, 56.78638458251953, 13.87334156036377, 9.201986312866211, 75.61127471923828, 11.337295532226562, 2.4560844898223877, 3.6816329956054688, 89.91322326660156, 31.858423233032227, 215.8506317138672, 140.8766632080078, 68.68992614746094, 36.516578674316406, 104.8464584350586, 72.7856674194336, 58.0547981262207, 56.16141891479492, 32.1733512878418, 26.59363555908203, 0.563605010509491, 0.2021668553352356, 7.324394226074219, 9.970937728881836, 1.0349191427230835, 5255.5029296875, 1193.2171630859375, 94.9602279663086, 0.11385813355445862, 0.019130803644657135], "input_max": [95.31912231445312, 58.438926696777344, 16.85757064819336, 10.872779846191406, 77.47188568115234, 13.433823585510254, 2.5801944732666016, 5.6488189697265625, 140.55160522460938, 61.33601760864258, 277.79736328125, 221.6359405517578, 92.06468963623047, 50.93409729003906, 109.82345581054688, 78.25282287597656, 79.2155990600586, 74.97396087646484, 41.13058853149414, 37.03778839111328, 0.6456758975982666, 0.3473418951034546, 7.522331237792969, 9.972414016723633, 1.045228123664856, 6627.08935546875, 1822.8221435546875, 126.16345977783203, 0.13492049276828766, 0.024247702211141586], "output_min": [5.056107521057129, 0.03860348463058472, 5.0477166175842285, 0.010349344462156296, 0.12668377161026, 0.049397408962249756, 0.05932466685771942, 0.0323985330760479, 29.871658325195312, 138.16062927246094, 21.935449600219727, 30.919870376586914], "output_max": [36.074302673339844, 0.11556968092918396, 5.065547466278076, 0.026901748031377792, 0.27411726117134094, 0.19202975928783417, 0.16979943215847015, 0.1498708426952362, 44.20684814453125, 219.27020263671875, 27.547653198242188, 73.16445922851562]}