{"input_min": [81.68283081054688, 49.26889419555664, 15.359914779663086, 11.118535041809082, 66.39262390136719, 13.129582405090332, 3.885744094848633, 5.6343793869018555, 111.93614959716797, 30.18711280822754, 134.97232055664062, 69.1224594116211, 83.54222106933594, 59.61275863647461, 49.06918716430664, 19.277442932128906, 64.96907806396484, 65.84986114501953, 23.929460525512695, 29.791744232177734, 0.4809250831604004, 0.3588036596775055, 6.169478893280029, 9.901192665100098, 1.0216410160064697, 4080.1669921875, 1311.2279052734375, 89.74339294433594, 0.13492049276828766, 0.024247702211141586], "input_max": [103.43624114990234, 55.051490783691406, 20.69609260559082, 13.178763389587402, 77.86071014404297, 16.278966903686523, 5.221250057220459, 9.635315895080566, 135.09190368652344, 70.12281799316406, 208.97647094726562, 133.9949493408203, 153.6678466796875, 98.05613708496094, 157.33969116210938, 126.51545715332031, 81.74903869628906, 74.98152923583984, 55.6117057800293, 30.824230194091797, 0.7303184866905212, 0.4878768026828766, 7.336435317993164, 10.131629943847656, 1.0768579244613647, 8297.4580078125, 1442.6146240234375, 94.9602279663086, 0.1918095052242279, 0.02735319547355175], "output_min": [6.4339141845703125, 0.02069868892431259, 1.094721794128418, 0.010960963554680347, 0.16979943215847015, 0.06683912128210068, 0.0647970661520958, 0.12541738152503967, 28.50421142578125, 52.941650390625, 22.603660583496094, 16.017074584960938, 5.469372749328613], "output_max": [41.34761047363281, 0.24896204471588135, 2.7886860370635986, 0.031670942902565, 0.17044061422348022, 0.3377089500427246, 0.13932926952838898, 0.3889135718345642, 59.2321891784668, 129.0898895263672, 54.019927978515625, 108.52387237548828, 13.341001510620117]}