{"input_min": [64.42305755615234, 34.77809524536133, 11.57125473022461, 7.474937438964844, 49.99712371826172, 9.328357696533203, 1.6858396530151367, 2.339620590209961, 67.52738189697266, 14.527681350708008, 85.80646514892578, 29.9655818939209, 25.4599552154541, 13.860991477966309, 54.89411163330078, 18.793630599975586, 48.23746109008789, 48.459007263183594, 10.2246675491333, 23.327486038208008, 0.3788568377494812, 0.22519166767597198, 4.283285140991211, 9.723955154418945, 0.69659024477005, 2507.8642578125, 465.4752502441406, 63.283084869384766, 0.0990084707736969, 0.014105234295129776], "input_max": [110.33393096923828, 65.60491180419922, 30.596363067626953, 24.29962730407715, 87.38178253173828, 27.584819793701172, 10.590253829956055, 18.826778411865234, 167.912841796875, 103.13567352294922, 329.39166259765625, 236.54920959472656, 218.5488739013672, 176.7848663330078, 215.31625366210938, 182.77207946777344, 103.26008605957031, 96.83953094482422, 74.84705352783203, 75.36042785644531, 0.8608519434928894, 0.7016874551773071, 8.525513648986816, 11.122479438781738, 2.0447020530700684, 12660.552734375, 3742.66796875, 125.60565185546875, 0.25980091094970703, 0.04086112603545189], "output_min": [2.418243408203125, 0.014613267034292221, 0.2964722514152527, 0.007781213149428368, 0.030689198523759842, 0.03388356417417526, 0.03087613545358181, 0.014472522772848606, 10.661079406738281, 27.167705535888672, 10.234389305114746, 13.9573392868042, 0.011580947786569595], "output_max": [57.012901306152344, 0.3580949008464813, 7.337188720703125, 0.1791796088218689, 0.5722630620002747, 0.8568767309188843, 0.548895537853241, 0.36081233620643616, 78.63259887695312, 193.41397094726562, 77.29549407958984, 110.80233001708984, 0.07968470454216003]}