{"input_min": [75.66475677490234, 50.020729064941406, 17.45158576965332, 12.220175743103027, 63.90418243408203, 14.398652076721191, 2.0715839862823486, 7.053523063659668, 143.3654327392578, 88.27507019042969, 122.25949096679688, 61.06914520263672, 47.839115142822266, 26.309959411621094, 69.52394104003906, 29.601390838623047, 50.58190155029297, 54.87202072143555, 21.52915382385254, 39.92255401611328, 0.35281798243522644, 0.4488160312175751, 5.954952239990234, 9.890128135681152, 0.8826311826705933, 2984.9736328125, 930.3603515625, 114.81770324707031, 0.1014060527086258, 0.018516870215535164], "input_max": [105.70574188232422, 63.33555221557617, 18.582759857177734, 14.707277297973633, 84.37580108642578, 16.722490310668945, 2.487159013748169, 8.381628036499023, 160.75392150878906, 92.78353118896484, 126.58309936523438, 67.3874740600586, 264.69451904296875, 213.43112182617188, 99.70222473144531, 53.391624450683594, 72.47885131835938, 65.51396179199219, 51.2634162902832, 46.310604095458984, 0.4508683383464813, 0.51755690574646, 8.321855545043945, 10.313605308532715, 1.4006599187850952, 7506.7509765625, 1666.7960205078125, 117.72891235351562, 0.1596848964691162, 0.021098073571920395], "output_min": [6.731553554534912, 0.04183340445160866, 0.4780442714691162, 0.027997616678476334, 0.03987114876508713, 0.03558790683746338, 0.2318047732114792, 0.023132750764489174, 82.95785522460938, 32.136295318603516, 17.554468154907227, 18.079042434692383, 0.02315417304635048], "output_max": [33.76845169067383, 0.3074241280555725, 5.467726707458496, 0.05089206621050835, 0.09520087391138077, 0.3928801715373993, 0.2621656358242035, 0.0376397930085659, 85.84695434570312, 58.42273712158203, 71.68881225585938, 27.659547805786133, 0.048217251896858215]}