{"input_min": [62.7978515625, 41.17728805541992, 11.660862922668457, 6.537101745605469, 52.60643768310547, 8.988337516784668, 1.7006323337554932, 3.949331283569336, 80.66783905029297, 27.13368034362793, 103.00257110595703, 43.199337005615234, 40.22691345214844, 25.52943992614746, 56.41183090209961, 21.836135864257812, 42.59063720703125, 48.96782684326172, 7.436586380004883, 24.08252716064453, 0.3578358292579651, 0.25708112120628357, 4.367985725402832, 9.948820114135742, 0.6797143816947937, 2001.7913818359375, 613.5776977539062, 63.079166412353516, 0.10379170626401901, 0.013723857700824738], "input_max": [98.02625274658203, 58.239986419677734, 29.341930389404297, 22.21111488342285, 76.55191040039062, 25.141353607177734, 6.770567417144775, 20.051267623901367, 170.62220764160156, 86.52954864501953, 313.24462890625, 207.5511474609375, 259.20074462890625, 220.64242553710938, 218.22926330566406, 188.06101989746094, 111.6548843383789, 105.69348907470703, 94.99095916748047, 49.77813720703125, 0.7055498361587524, 0.6558278203010559, 7.388410568237305, 11.151784896850586, 1.4985977411270142, 16117.7255859375, 2814.477294921875, 127.9505386352539, 0.19939422607421875, 0.028378751128911972], "output_min": [2.8798930644989014, 0.034807536751031876, 0.34982725977897644, 0.009976067580282688, 0.02950444631278515, 0.04134642705321312, 0.035387296229600906, 0.031044336035847664, 11.090835571289062, 37.02873229980469, 14.511134147644043, 18.269227981567383, 0.011782089248299599], "output_max": [46.51959991455078, 0.37313008308410645, 5.537749290466309, 0.1246475875377655, 0.45122602581977844, 0.8672981858253479, 0.7279056310653687, 0.3200940489768982, 77.9972915649414, 192.82635498046875, 72.4488754272461, 109.89892578125, 0.060676589608192444]}