{"input_min": [81.87694549560547, 49.319305419921875, 16.31547737121582, 10.7340726852417, 66.518798828125, 13.202815055847168, 3.8699591159820557, 5.687689304351807, 112.3155288696289, 30.19363021850586, 134.52685546875, 68.70596313476562, 83.56941223144531, 59.6683235168457, 49.204410552978516, 19.285812377929688, 65.22075653076172, 65.82089233398438, 23.901084899902344, 29.91860008239746, 0.48181161284446716, 0.3592035174369812, 6.193377494812012, 9.894169807434082, 1.0197055339813232, 4103.1162109375, 1276.2734375, 89.74339294433594, 0.13492049276828766, 0.024247702211141586], "input_max": [103.86036682128906, 55.24345016479492, 18.90079689025879, 14.156076431274414, 78.15614318847656, 16.346630096435547, 5.23712158203125, 9.726995468139648, 135.36566162109375, 70.14491271972656, 209.21005249023438, 134.06106567382812, 154.1728057861328, 99.2066879272461, 157.17803955078125, 126.43700408935547, 82.12190246582031, 75.14898681640625, 54.96611785888672, 30.741043090820312, 0.7311713695526123, 0.4892769753932953, 7.369897842407227, 10.115456581115723, 1.0688247680664062, 8367.859375, 1459.1759033203125, 94.9602279663086, 0.1918095052242279, 0.02735319547355175], "output_min": [6.4339141845703125, 0.02069868892431259, 1.094721794128418, 0.010960963554680347, 0.16979943215847015, 0.06683912128210068, 0.0647970661520958, 0.12541738152503967, 28.50421142578125, 52.941650390625, 22.603660583496094, 16.017074584960938, 8.750996589660645], "output_max": [41.34761047363281, 0.24896204471588135, 2.7886860370635986, 0.031670942902565, 0.17044061422348022, 0.3377089500427246, 0.13932926952838898, 0.3889135718345642, 59.2321891784668, 129.0898895263672, 54.019927978515625, 108.52387237548828, 21.34560203552246]}