{"input_min": [47.627647399902344, 29.580778121948242, 8.521434783935547, 4.991151809692383, 39.50013732910156, 7.025090217590332, 1.1454919576644897, 1.459748387336731, 43.7593879699707, 11.34531021118164, 68.83406829833984, 26.07894515991211, 20.037395477294922, 12.306683540344238, 41.66972351074219, 15.813776969909668, 26.496065139770508, 27.798152923583984, 5.567688941955566, 11.421012878417969, 0.21397700905799866, 0.12256824225187302, 2.597198247909546, 9.56235122680664, 0.6354545950889587, 938.68896484375, 61.125999450683594, 60.9023323059082, 0.08538384735584259, 0.013580734841525555], "input_max": [128.36827087402344, 73.92845916748047, 34.793060302734375, 28.65045738220215, 96.2449722290039, 31.73031234741211, 14.79641056060791, 26.42670440673828, 237.9309539794922, 128.7254638671875, 358.3769836425781, 276.4354553222656, 409.100830078125, 334.2930908203125, 405.17279052734375, 362.9056701660156, 129.11878967285156, 120.44221496582031, 221.18138122558594, 99.16216278076172, 0.9121294021606445, 0.7952399849891663, 9.4375581741333, 12.971464157104492, 3.0324981212615967, 30359.97265625, 7447.32763671875, 130.4999542236328, 0.31082695722579956, 0.04244813323020935], "output_min": [2.4062604904174805, 0.014439127407968044, 0.2936992645263672, 0.007217073813080788, 0.02887922339141369, 0.0325273759663105, 0.028873350471258163, 0.014434902928769588, 10.459521293640137, 24.400318145751953, 10.111483573913574, 13.82819938659668, 0.011668485589325428], "output_max": [64.94386291503906, 0.38958740234375, 7.922666072845459, 0.1947772353887558, 0.7791982889175415, 0.878130316734314, 0.7792386412620544, 0.38936424255371094, 94.12479400634766, 219.5526885986328, 90.96434783935547, 124.4381332397461, 0.10499992221593857]}