{"input_min": [76.55482482910156, 50.69021987915039, 16.48695182800293, 12.430977821350098, 64.70401000976562, 15.179471015930176, 2.0740089416503906, 6.989203453063965, 144.1316375732422, 88.2612075805664, 118.5779037475586, 61.29105758666992, 47.51874923706055, 26.24724578857422, 69.60489654541016, 29.617218017578125, 51.21605682373047, 55.170616149902344, 21.271503448486328, 39.98767852783203, 0.35534223914146423, 0.46526893973350525, 6.029610633850098, 9.908936500549316, 1.0164518356323242, 3066.98876953125, 861.3011474609375, 114.81770324707031, 0.1014060527086258, 0.018516870215535164], "input_max": [105.067138671875, 63.02316665649414, 19.494504928588867, 13.779631614685059, 83.90762329101562, 15.383638381958008, 2.4374537467956543, 8.493436813354492, 160.18885803222656, 92.91558074951172, 126.74625396728516, 63.40728759765625, 267.1504821777344, 215.6190948486328, 98.92890167236328, 52.595130920410156, 71.92764282226562, 65.45519256591797, 51.531375885009766, 46.33376693725586, 0.4490177631378174, 0.5164270401000977, 8.258566856384277, 10.32679557800293, 1.1088666915893555, 7407.04345703125, 1720.968017578125, 117.72891235351562, 0.1596848964691162, 0.021098073571920395], "output_min": [6.731553554534912, 0.04183340445160866, 0.4780442714691162, 0.027997616678476334, 0.03987114876508713, 0.03558790683746338, 0.2318047732114792, 0.023132750764489174, 82.95785522460938, 32.136295318603516, 17.554468154907227, 18.079042434692383, 7.2356791496276855], "output_max": [33.76845169067383, 0.3074241280555725, 5.467726707458496, 0.05089206621050835, 0.09520087391138077, 0.3928801715373993, 0.2621656358242035, 0.0376397930085659, 85.84695434570312, 58.42273712158203, 71.68881225585938, 27.659547805786133, 15.067891120910645]}