{"input_min": [76.51243591308594, 50.74599075317383, 17.08519744873047, 12.954961776733398, 64.7063980102539, 15.187402725219727, 2.07069993019104, 6.935591697692871, 144.0124969482422, 88.2550048828125, 119.70147705078125, 61.267730712890625, 47.5337028503418, 26.318845748901367, 69.51195526123047, 29.60105323791504, 51.09635925292969, 55.256004333496094, 21.21485710144043, 39.9109001159668, 0.35480502247810364, 0.46161508560180664, 6.015518665313721, 9.914981842041016, 1.0190818309783936, 3061.203125, 866.8470458984375, 114.81770324707031, 0.1014060527086258, 0.018516870215535164], "input_max": [104.7804183959961, 62.875946044921875, 18.143962860107422, 13.265230178833008, 83.69389343261719, 15.324987411499023, 2.456843614578247, 8.459498405456543, 159.95394897460938, 92.91614532470703, 126.64507293701172, 64.44546508789062, 266.65203857421875, 215.17364501953125, 99.38187408447266, 52.854103088378906, 71.69894409179688, 65.3773422241211, 51.47837829589844, 46.52777099609375, 0.44824743270874023, 0.5162249207496643, 8.232308387756348, 10.348160743713379, 1.118424654006958, 7363.27978515625, 1705.323486328125, 117.72891235351562, 0.1596848964691162, 0.021098073571920395], "output_min": [6.731553554534912, 0.04183340445160866, 0.4780442714691162, 0.027997616678476334, 0.03987114876508713, 0.03558790683746338, 0.2318047732114792, 0.023132750764489174, 82.95785522460938, 32.136295318603516, 17.554468154907227, 18.079042434692383, 11.577086448669434], "output_max": [33.76845169067383, 0.3074241280555725, 5.467726707458496, 0.05089206621050835, 0.09520087391138077, 0.3928801715373993, 0.2621656358242035, 0.0376397930085659, 85.84695434570312, 58.42273712158203, 71.68881225585938, 27.659547805786133, 24.108625411987305]}