{"input_min": [55.3037223815918, 35.9561653137207, 8.117323875427246, 5.151182651519775, 46.012664794921875, 6.395596027374268, 1.3236795663833618, 2.299515962600708, 64.00955963134766, 14.39326000213623, 82.2222671508789, 29.899211883544922, 28.519681930541992, 14.605904579162598, 53.7261962890625, 19.006454467773438, 38.64012908935547, 28.766746520996094, 12.274676322937012, 19.708072662353516, 0.38762718439102173, 0.23554512858390808, 2.8185272216796875, 7.807766914367676, 0.9014812707901001, 1633.7906494140625, 211.9776611328125, 63.283084869384766, 0.0990084707736969, 0.014105234295129776], "input_max": [155.50502014160156, 84.4787368774414, 34.86732864379883, 25.642030715942383, 122.84424591064453, 29.63938331604004, 14.404278755187988, 19.784103393554688, 215.07403564453125, 105.21949768066406, 318.68243408203125, 239.1582489013672, 190.48101806640625, 147.22677612304688, 234.14495849609375, 178.77310180664062, 144.31080627441406, 137.29579162597656, 82.1565170288086, 81.61638641357422, 0.8523675799369812, 0.7162961959838867, 14.886045455932617, 15.855437278747559, 1.186039686203003, 19777.658203125, 6199.98583984375, 125.60565185546875, 0.25980091094970703, 0.04086112603545189], "output_min": [2.418243408203125, 0.014613267034292221, 0.2964722514152527, 0.007781213149428368, 0.030689198523759842, 0.03388356417417526, 0.03087613545358181, 0.014472522772848606, 10.661079406738281, 27.167705535888672, 10.234389305114746, 13.9573392868042, 0.08251425623893738], "output_max": [57.012901306152344, 0.3580949008464813, 7.337188720703125, 0.1791796088218689, 0.5722630620002747, 0.8568767309188843, 0.548895537853241, 0.36081233620643616, 78.63259887695312, 193.41397094726562, 77.29549407958984, 110.80233001708984, 0.5677535533905029]}