{"input_min": [50.208457946777344, 30.76478385925293, 8.831250190734863, 6.381473064422607, 41.2852897644043, 7.754225254058838, 1.1223798990249634, 1.5705021619796753, 50.157310485839844, 11.504190444946289, 71.6260757446289, 26.13919448852539, 23.561302185058594, 12.094926834106445, 40.84849548339844, 15.815552711486816, 29.655609130859375, 29.261512756347656, 8.728021621704102, 11.212529182434082, 0.24328120052814484, 0.12931810319423676, 2.7973694801330566, 9.530675888061523, 0.9344263672828674, 1089.3162841796875, 86.65185546875, 60.9033088684082, 0.08635002374649048, 0.013494268991053104], "input_max": [125.31324005126953, 74.42110443115234, 34.437217712402344, 26.90013885498047, 95.70136260986328, 30.524274826049805, 14.216655731201172, 25.261314392089844, 230.09291076660156, 128.9542999267578, 364.9092102050781, 276.8907470703125, 409.0731506347656, 340.12030029296875, 399.972412109375, 357.39508056640625, 130.21832275390625, 121.14469146728516, 174.74755859375, 98.24177551269531, 0.9036946892738342, 0.8072311282157898, 9.563279151916504, 12.2454833984375, 1.40639328956604, 28629.484375, 7941.71142578125, 130.4999542236328, 0.3113356828689575, 0.04239601269364357], "output_min": [2.40637469291687, 0.014434902928769588, 0.29370275139808655, 0.00722304405644536, 0.028895599767565727, 0.032532867044210434, 0.028879811987280846, 0.014437125995755196, 10.460549354553223, 24.397798538208008, 10.108926773071289, 13.82749080657959], "output_max": [64.93921661376953, 0.3896723687648773, 7.927778244018555, 0.19480681419372559, 0.7791982889175415, 0.8774577975273132, 0.7793652415275574, 0.38969120383262634, 94.12496185302734, 219.42349243164062, 90.9736557006836, 124.35252380371094]}