{"input_min": [79.69873046875, 48.00137710571289, 13.315580368041992, 8.728231430053711, 63.853572845458984, 10.970476150512695, 2.9790639877319336, 2.3613359928131104, 125.48705291748047, 69.22382354736328, 146.90245056152344, 75.87162780761719, 34.321895599365234, 15.940146446228027, 78.64775085449219, 43.35017395019531, 56.26322937011719, 59.495540618896484, 18.38174819946289, 35.29758071899414, 0.44835883378982544, 0.40500032901763916, 5.70839786529541, 9.849846839904785, 1.039219856262207, 4123.3857421875, 689.5736694335938, 99.52674865722656, 0.14124812185764313, 0.021621311083436012], "input_max": [104.44463348388672, 62.38938522338867, 18.621477127075195, 14.956534385681152, 84.57749938964844, 16.884033203125, 5.461387634277344, 6.148613929748535, 163.51116943359375, 80.27490997314453, 150.7506866455078, 87.40691375732422, 93.04317474365234, 39.06041717529297, 192.50575256347656, 141.15858459472656, 83.23625946044922, 74.87906646728516, 53.98275375366211, 51.34716033935547, 0.509055495262146, 0.496707946062088, 8.284234046936035, 10.229172706604004, 1.8806360960006714, 7813.67236328125, 1045.1082763671875, 101.45877075195312, 0.15164215862751007, 0.022601868957281113], "output_min": [7.091068744659424, 0.025237899273633957, 0.3350122272968292, 0.01180239673703909, 0.02993403933942318, 0.03845994919538498, 0.03716573119163513, 0.027228761464357376, 66.20487213134766, 37.06021499633789, 12.53277587890625, 21.29183006286621, 0.03720767796039581], "output_max": [21.511137008666992, 0.02906898409128189, 0.3372141718864441, 0.11494637280702591, 0.6989510655403137, 0.5939565300941467, 0.10240422934293747, 0.07737303525209427, 67.26156616210938, 46.94534683227539, 34.76736831665039, 35.85811996459961, 0.08835350722074509]}